8475622,2021,Carter Hutton,ARI,G,other,3,234.0,0.27,1.0,3.0,0.12,0.0,0.41,1.0,1.64,2.0,0.0,0.0,0.55,0.0,0.61,0.0,0.27,1.0,0.0,1.0,0.01,0.0,0.25,0.0,0.0,1.0,1.0,0.0,0.0
8475622,2021,Carter Hutton,ARI,G,all,3,6958.0,5.02,15.0,102.0,3.95,2.0,12.52,9.0,56.53,58.0,1.89,1.0,30.59,28.0,23.21,22.0,4.95,60.0,12.0,5.0,1.99,1.39,1.64,8.0,4.0,3.0,25.0,0.0,0.0
8475622,2021,Carter Hutton,ARI,G,5on5,3,5514.0,3.28,10.0,80.0,2.82,1.0,10.04,7.0,43.73,45.0,1.45,1.0,24.44,21.0,18.08,20.0,3.26,47.0,11.0,2.0,1.53,1.24,0.51,7.0,3.0,0.0,20.0,0.0,0.0
8475622,2021,Carter Hutton,ARI,G,4on5,3,384.0,1.27,4.0,14.0,0.89,1.0,1.65,1.0,8.02,9.0,0.04,0.0,4.71,5.0,2.22,0.0,1.22,8.0,1.0,2.0,0.23,0.15,0.88,1.0,1.0,2.0,3.0,0.0,0.0
8475622,2021,Carter Hutton,ARI,G,5on4,3,826.0,0.21,0.0,5.0,0.13,0.0,0.42,0.0,3.13,2.0,0.4,0.0,0.88,2.0,2.3,2.0,0.21,4.0,0.0,0.0,0.21,0.0,0.0,0.0,0.0,0.0,1.0,0.0,0.0
8479361,2021,Joseph Woll,TOR,G,other,4,456.0,0.5,0.0,6.0,0.34,0.0,0.73,0.0,3.92,2.0,0.3,0.0,1.93,2.0,1.39,3.0,0.5,3.0,1.0,1.0,0.08,0.15,0.27,0.0,0.0,0.0,1.0,0.0,0.0
8479361,2021,Joseph Woll,TOR,G,all,4,14359.0,10.97,11.0,218.0,8.99,5.0,28.65,30.0,124.38,123.0,3.89,5.0,72.47,54.0,50.94,71.0,10.63,123.0,48.0,5.0,3.92,5.63,1.42,3.0,7.0,1.0,42.0,2.0,1.0
8479361,2021,Joseph Woll,TOR,G,5on5,4,11593.0,8.2,8.0,183.0,7.2,3.0,24.51,26.0,103.04,103.0,2.85,3.0,61.53,47.0,43.26,61.0,8.0,112.0,33.0,3.0,3.5,3.95,0.75,3.0,4.0,1.0,35.0,2.0,1.0
8479361,2021,Joseph Woll,TOR,G,4on5,4,1164.0,2.1,3.0,25.0,1.31,2.0,2.84,4.0,14.31,15.0,0.12,0.0,8.13,4.0,4.13,4.0,1.99,4.0,14.0,1.0,0.17,1.53,0.41,0.0,3.0,0.0,6.0,0.0,0.0
8479361,2021,Joseph Woll,TOR,G,5on4,4,1146.0,0.17,0.0,4.0,0.14,0.0,0.57,0.0,3.11,3.0,0.62,2.0,0.87,1.0,2.15,3.0,0.13,4.0,0.0,0.0,0.17,0.0,0.0,0.0,0.0,0.0,0.0,0.0,0.0
8471734,2021,Jonathan Quick,LAK,G,other,28,2063.0,6.95,6.0,68.0,3.1,5.0,6.72,3.0,38.02,40.0,0.99,2.0,18.98,13.0,12.74,21.0,6.09,21.0,19.0,10.0,1.04,2.67,3.24,3.0,2.0,1.0,18.0,0.0,0.0
8471734,2021,Jonathan Quick,LAK,G,all,28,99840.0,87.26,72.0,1443.0,60.46,83.0,176.89,159.0,822.86,821.0,31.38,35.0,434.9,321.0,324.13,442.0,83.22,739.0,277.0,94.0,22.99,34.07,30.19,16.0,34.0,22.0,333.0,2.0,1.0
8471734,2021,Jonathan Quick,LAK,G,5on5,28,82309.0,60.9,43.0,1135.0,44.93,64.0,142.33,136.0,638.36,629.0,24.43,27.0,337.67,242.0,257.94,357.0,58.82,593.0,210.0,61.0,18.79,25.79,16.31,8.0,28.0,7.0,271.0,2.0,1.0
8471734,2021,Jonathan Quick,LAK,G,4on5,28,6940.0,16.17,19.0,204.0,11.06,13.0,24.36,20.0,121.62,124.0,0.82,1.0,71.0,63.0,38.46,43.0,15.15,106.0,42.0,17.0,2.44,4.87,8.86,4.0,3.0,12.0,39.0,0.0,0.0
8471734,2021,Jonathan Quick,LAK,G,5on4,28,8528.0,2.31,3.0,29.0,1.07,1.0,2.57,0.0,20.56,24.0,5.03,4.0,5.85,3.0,13.64,18.0,2.26,17.0,6.0,3.0,0.61,0.74,0.97,1.0,1.0,1.0,3.0,0.0,0.0
8476883,2021,Andrei Vasilevskiy,TBL,G,other,38,3865.0,9.07,10.0,124.0,5.41,3.0,12.56,13.0,67.96,67.0,1.16,3.0,37.89,28.0,23.73,31.0,8.46,50.0,33.0,8.0,2.26,4.33,2.48,2.0,5.0,3.0,33.0,0.0,0.0
8476883,2021,Andrei Vasilevskiy,TBL,G,all,38,138006.0,104.29,87.0,1987.0,77.81,58.0,239.51,241.0,1097.92,1109.0,35.94,47.0,610.62,449.0,442.23,624.0,100.1,1096.0,326.0,87.0,33.88,40.39,30.02,27.0,28.0,32.0,478.0,4.0,2.0
8476883,2021,Andrei Vasilevskiy,TBL,G,5on5,38,112748.0,73.15,60.0,1558.0,59.04,48.0,196.55,200.0,863.71,882.0,28.45,35.0,479.78,348.0,353.36,496.0,71.2,892.0,247.0,50.0,28.0,30.36,14.8,23.0,21.0,16.0,369.0,4.0,2.0
8476883,2021,Andrei Vasilevskiy,TBL,G,4on5,38,10095.0,17.95,16.0,249.0,11.21,6.0,25.11,23.0,127.82,121.0,0.72,0.0,79.88,65.0,39.82,61.0,16.36,120.0,33.0,25.0,2.37,3.94,11.63,2.0,1.0,13.0,71.0,0.0,0.0
8476883,2021,Andrei Vasilevskiy,TBL,G,5on4,38,11298.0,3.43,1.0,46.0,1.74,1.0,4.06,4.0,32.06,35.0,5.44,8.0,9.51,3.0,22.41,33.0,3.41,29.0,9.0,4.0,1.0,1.33,1.1,0.0,1.0,0.0,4.0,0.0,0.0
8476876,2021,Malcolm Subban,BUF,G,other,4,221.0,0.23,1.0,4.0,0.12,0.0,0.7,1.0,2.99,2.0,0.06,0.0,1.4,0.0,1.45,2.0,0.23,3.0,1.0,0.0,0.06,0.17,0.0,0.0,1.0,0.0,0.0,0.0,0.0
8476876,2021,Malcolm Subban,BUF,G,all,4,12628.0,10.89,17.0,204.0,8.21,11.0,27.61,21.0,120.94,132.0,2.76,3.0,67.62,46.0,50.48,70.0,10.08,128.0,33.0,8.0,4.44,3.91,2.54,6.0,8.0,3.0,35.0,0.0,0.0
8476876,2021,Malcolm Subban,BUF,G,5on5,4,10752.0,7.49,12.0,172.0,6.6,5.0,23.75,19.0,100.49,111.0,2.29,3.0,57.42,39.0,42.24,63.0,7.38,115.0,24.0,2.0,3.98,2.83,0.68,5.0,6.0,1.0,31.0,0.0,0.0
8476876,2021,Malcolm Subban,BUF,G,4on5,4,530.0,2.53,3.0,22.0,1.27,5.0,2.63,1.0,12.8,14.0,0.06,0.0,7.43,6.0,3.69,2.0,1.89,7.0,7.0,4.0,0.35,0.81,1.37,1.0,1.0,1.0,4.0,0.0,0.0
8476876,2021,Malcolm Subban,BUF,G,5on4,4,1125.0,0.64,1.0,6.0,0.21,1.0,0.54,0.0,4.66,5.0,0.35,0.0,1.37,1.0,3.1,3.0,0.58,3.0,1.0,2.0,0.04,0.1,0.49,0.0,0.0,1.0,0.0,0.0,0.0
8477457,2021,Zach Fucale,WSH,G,other,4,562.0,0.89,2.0,16.0,0.3,0.0,0.92,0.0,4.82,4.0,0.14,0.0,3.01,1.0,1.7,3.0,0.88,5.0,1.0,1.0,0.25,0.09,0.55,1.0,0.0,1.0,9.0,0.0,0.0
8477457,2021,Zach Fucale,WSH,G,all,4,10295.0,7.39,5.0,142.0,5.35,7.0,16.72,16.0,72.4,66.0,2.48,2.0,40.83,30.0,29.24,43.0,7.11,72.0,22.0,8.0,2.34,2.64,2.42,3.0,0.0,2.0,40.0,0.0,0.0
8477457,2021,Zach Fucale,WSH,G,5on5,4,7952.0,5.17,2.0,105.0,3.87,5.0,13.21,14.0,55.61,53.0,1.9,1.0,31.53,21.0,23.31,37.0,5.05,55.0,20.0,4.0,1.77,2.41,1.0,2.0,0.0,0.0,26.0,0.0,0.0
8477457,2021,Zach Fucale,WSH,G,4on5,4,736.0,1.28,1.0,18.0,1.1,2.0,2.28,2.0,9.91,8.0,0.1,1.0,5.49,8.0,2.53,0.0,1.14,9.0,1.0,3.0,0.27,0.14,0.88,0.0,0.0,1.0,5.0,0.0,0.0
8477457,2021,Zach Fucale,WSH,G,5on4,4,1045.0,0.05,0.0,3.0,0.08,0.0,0.31,0.0,2.06,1.0,0.33,0.0,0.8,0.0,1.71,3.0,0.05,3.0,0.0,0.0,0.05,0.0,0.0,0.0,0.0,0.0,0.0,0.0,0.0
8477968,2021,Alex Nedeljkovic,DET,G,other,36,2913.0,12.11,10.0,94.0,4.6,6.0,10.28,15.0,57.75,57.0,1.23,0.0,28.19,22.0,17.92,19.0,10.77,27.0,28.0,20.0,1.11,3.71,7.29,0.0,3.0,7.0,19.0,0.0,0.0
8477968,2021,Alex Nedeljkovic,DET,G,all,36,120973.0,101.98,101.0,1898.0,74.83,66.0,230.41,249.0,1038.44,1083.0,29.9,28.0,568.25,429.0,413.26,549.0,97.8,1002.0,319.0,101.0,29.89,39.35,32.74,35.0,34.0,32.0,476.0,0.0,0.0
8477968,2021,Alex Nedeljkovic,DET,G,5on5,36,100540.0,74.56,73.0,1546.0,57.87,54.0,192.86,209.0,838.87,875.0,23.9,22.0,463.94,345.0,338.08,448.0,72.19,836.0,255.0,63.0,24.93,31.36,18.27,30.0,25.0,18.0,392.0,0.0,0.0
8477968,2021,Alex Nedeljkovic,DET,G,4on5,36,8614.0,12.51,15.0,215.0,10.72,6.0,22.87,25.0,112.35,115.0,0.82,0.0,65.59,56.0,36.6,50.0,12.04,109.0,28.0,15.0,3.06,3.25,6.21,5.0,4.0,6.0,63.0,0.0,0.0
8477968,2021,Alex Nedeljkovic,DET,G,5on4,36,8906.0,2.59,2.0,40.0,1.5,0.0,3.99,0.0,27.19,33.0,3.85,6.0,9.49,5.0,19.54,31.0,2.59,28.0,7.0,3.0,0.74,0.88,0.97,0.0,1.0,1.0,2.0,0.0,0.0
8480925,2021,Pavel Francouz,COL,G,other,9,1315.0,4.18,2.0,44.0,1.94,4.0,4.53,6.0,24.53,25.0,0.56,0.0,14.46,10.0,7.99,9.0,4.03,15.0,14.0,5.0,0.5,1.75,1.93,0.0,1.0,1.0,10.0,0.0,0.0
8480925,2021,Pavel Francouz,COL,G,all,9,30160.0,21.87,20.0,440.0,16.59,15.0,55.45,71.0,239.09,252.0,9.06,9.0,137.41,94.0,97.47,128.0,21.44,249.0,71.0,17.0,6.59,8.5,6.78,8.0,6.0,6.0,103.0,0.0,0.0
8480925,2021,Pavel Francouz,COL,G,5on5,9,24091.0,12.5,11.0,339.0,11.93,7.0,44.69,60.0,183.4,194.0,6.98,6.0,106.44,71.0,78.21,105.0,12.33,205.0,50.0,5.0,5.37,5.8,1.33,8.0,3.0,0.0,79.0,0.0,0.0
8480925,2021,Pavel Francouz,COL,G,4on5,9,1914.0,4.54,6.0,45.0,2.34,4.0,5.09,3.0,24.99,26.0,0.19,0.0,14.13,12.0,7.1,9.0,4.42,22.0,6.0,6.0,0.59,0.8,3.15,0.0,2.0,4.0,11.0,0.0,0.0
8480925,2021,Pavel Francouz,COL,G,5on4,9,2840.0,0.65,1.0,12.0,0.39,0.0,1.14,2.0,6.17,7.0,1.33,3.0,2.38,1.0,4.17,5.0,0.65,7.0,1.0,1.0,0.13,0.15,0.37,0.0,0.0,1.0,3.0,0.0,0.0
8481519,2021,Spencer Knight,FLA,G,other,18,1861.0,7.45,5.0,47.0,1.85,1.0,4.5,4.0,28.14,32.0,0.6,1.0,13.08,15.0,8.23,11.0,6.03,17.0,7.0,12.0,0.73,0.97,5.75,2.0,1.0,2.0,11.0,0.0,0.0
8481519,2021,Spencer Knight,FLA,G,all,18,59171.0,49.33,53.0,868.0,33.85,44.0,108.58,102.0,482.75,520.0,17.67,21.0,265.34,200.0,193.3,253.0,46.64,473.0,142.0,52.0,14.19,17.59,17.55,18.0,23.0,12.0,201.0,0.0,0.0
8481519,2021,Spencer Knight,FLA,G,5on5,18,47630.0,32.37,33.0,671.0,24.83,37.0,85.82,83.0,365.39,397.0,14.32,19.0,201.53,150.0,151.05,192.0,31.4,370.0,107.0,31.0,11.32,12.96,8.09,15.0,14.0,4.0,163.0,0.0,0.0
8481519,2021,Spencer Knight,FLA,G,4on5,18,5175.0,8.05,13.0,131.0,6.43,6.0,16.59,13.0,76.64,76.0,0.54,1.0,46.56,32.0,25.37,40.0,7.75,76.0,22.0,8.0,1.81,2.84,3.41,0.0,8.0,5.0,25.0,0.0,0.0
8481519,2021,Spencer Knight,FLA,G,5on4,18,4505.0,1.16,2.0,16.0,0.62,0.0,1.46,2.0,10.98,13.0,2.06,0.0,3.55,3.0,7.92,8.0,1.16,10.0,4.0,1.0,0.33,0.53,0.3,1.0,0.0,1.0,1.0,0.0,0.0
8475683,2021,Sergei Bobrovsky,FLA,G,other,33,3562.0,11.43,7.0,82.0,3.5,10.0,9.24,11.0,49.58,52.0,1.06,1.0,23.14,16.0,15.05,19.0,8.67,31.0,12.0,21.0,1.44,1.5,8.5,1.0,1.0,5.0,18.0,0.0,0.0
8475683,2021,Sergei Bobrovsky,FLA,G,all,33,114774.0,102.97,81.0,1672.0,67.14,102.0,212.62,236.0,943.0,1003.0,36.45,43.0,499.4,386.0,368.9,448.0,94.58,884.0,274.0,125.0,26.97,33.35,42.66,22.0,31.0,28.0,389.0,2.0,1.0
8475683,2021,Sergei Bobrovsky,FLA,G,5on5,33,92901.0,69.29,57.0,1316.0,50.2,74.0,172.15,193.0,726.65,769.0,30.19,35.0,386.26,296.0,290.17,347.0,66.19,699.0,217.0,77.0,21.71,26.14,21.43,17.0,28.0,12.0,323.0,2.0,1.0
8475683,2021,Sergei Bobrovsky,FLA,G,4on5,33,8414.0,18.74,15.0,224.0,11.85,18.0,27.38,31.0,133.67,149.0,0.87,1.0,79.29,67.0,41.24,49.0,16.21,125.0,35.0,23.0,2.93,4.39,11.42,4.0,1.0,10.0,41.0,0.0,0.0
8475683,2021,Sergei Bobrovsky,FLA,G,5on4,33,9897.0,2.91,2.0,41.0,1.26,0.0,2.88,0.0,27.74,27.0,4.21,6.0,8.2,5.0,20.01,29.0,2.91,24.0,9.0,3.0,0.69,1.15,1.07,0.0,1.0,1.0,5.0,0.0,0.0
8475311,2021,Darcy Kuemper,COL,G,other,34,5506.0,13.72,7.0,131.0,5.98,13.0,14.03,12.0,71.54,71.0,1.94,5.0,41.74,39.0,18.88,23.0,9.49,52.0,23.0,22.0,1.8,2.84,9.09,1.0,3.0,3.0,34.0,0.0,0.0
8475311,2021,Darcy Kuemper,COL,G,all,34,115105.0,91.76,76.0,1718.0,67.73,94.0,215.07,230.0,936.63,957.0,33.4,41.0,522.82,387.0,366.34,475.0,83.34,962.0,231.0,102.0,26.52,28.81,36.44,26.0,20.0,30.0,423.0,0.0,0.0
8475311,2021,Darcy Kuemper,COL,G,5on5,34,89788.0,56.29,49.0,1286.0,45.56,56.0,165.35,176.0,691.29,707.0,24.99,28.0,381.88,275.0,285.5,378.0,53.78,734.0,173.0,50.0,20.56,21.63,14.1,23.0,17.0,9.0,329.0,0.0,0.0
8475311,2021,Darcy Kuemper,COL,G,4on5,34,9476.0,19.47,19.0,265.0,14.98,23.0,32.58,37.0,152.89,154.0,0.71,1.0,92.21,68.0,47.25,58.0,17.86,158.0,27.0,27.0,3.62,3.31,12.54,2.0,0.0,17.0,53.0,0.0,0.0
8475311,2021,Darcy Kuemper,COL,G,5on4,34,10335.0,2.27,1.0,35.0,1.21,2.0,3.11,5.0,20.92,25.0,5.66,7.0,6.99,5.0,14.7,16.0,2.21,18.0,8.0,3.0,0.54,1.03,0.7,0.0,0.0,1.0,6.0,0.0,0.0
8480947,2021,Kevin Lankinen,CHI,G,other,13,767.0,2.38,7.0,30.0,1.36,3.0,3.29,1.0,17.09,18.0,0.14,0.0,10.76,10.0,5.51,3.0,2.3,17.0,5.0,2.0,0.72,0.64,1.01,3.0,2.0,2.0,6.0,0.0,0.0
8480947,2021,Kevin Lankinen,CHI,G,all,13,44343.0,29.49,42.0,691.0,24.61,24.0,87.06,72.0,369.1,380.0,10.56,10.0,209.64,172.0,151.18,187.0,28.36,402.0,90.0,22.0,11.9,10.74,6.86,18.0,15.0,9.0,177.0,0.0,0.0
8480947,2021,Kevin Lankinen,CHI,G,5on5,13,36009.0,19.16,23.0,523.0,17.39,14.0,67.47,60.0,276.15,282.0,8.45,6.0,156.18,120.0,116.84,154.0,18.69,311.0,63.0,12.0,8.94,7.17,3.04,11.0,8.0,4.0,137.0,0.0,0.0
8480947,2021,Kevin Lankinen,CHI,G,4on5,13,3573.0,6.85,9.0,120.0,5.3,6.0,14.36,11.0,62.99,65.0,0.16,0.0,38.39,40.0,20.1,19.0,6.28,60.0,20.0,7.0,1.74,2.67,2.44,2.0,4.0,3.0,33.0,0.0,0.0
8480947,2021,Kevin Lankinen,CHI,G,5on4,13,3994.0,0.94,2.0,16.0,0.46,1.0,1.64,0.0,11.25,13.0,1.73,4.0,3.65,2.0,8.0,10.0,0.93,13.0,1.0,1.0,0.47,0.11,0.36,2.0,0.0,0.0,1.0,0.0,0.0
8474651,2021,Braden Holtby,DAL,G,other,23,1585.0,4.92,3.0,65.0,2.79,1.0,6.53,5.0,36.72,31.0,0.83,1.0,20.77,21.0,13.81,18.0,4.51,28.0,16.0,6.0,1.13,1.95,1.85,2.0,0.0,1.0,15.0,0.0,0.0
8474651,2021,Braden Holtby,DAL,G,all,23,75238.0,56.56,58.0,1210.0,43.86,45.0,148.46,150.0,646.85,658.0,19.43,21.0,369.87,275.0,267.29,353.0,54.8,680.0,175.0,52.0,19.3,21.01,16.25,23.0,19.0,16.0,303.0,2.0,1.0
8474651,2021,Braden Holtby,DAL,G,5on5,23,62008.0,42.61,42.0,973.0,33.98,41.0,123.85,136.0,515.21,536.0,15.02,13.0,294.77,210.0,212.79,276.0,41.49,551.0,136.0,38.0,15.48,16.46,10.67,17.0,15.0,10.0,248.0,2.0,1.0
8474651,2021,Braden Holtby,DAL,G,4on5,23,5549.0,7.42,12.0,140.0,6.14,3.0,15.53,7.0,73.26,68.0,0.52,1.0,47.59,40.0,24.1,38.0,7.19,78.0,18.0,7.0,2.13,1.9,3.38,4.0,3.0,5.0,37.0,0.0,0.0
8474651,2021,Braden Holtby,DAL,G,5on4,23,6096.0,1.61,1.0,32.0,0.96,0.0,2.56,2.0,21.67,23.0,3.06,6.0,6.74,4.0,16.58,21.0,1.61,23.0,5.0,1.0,0.57,0.7,0.34,0.0,1.0,0.0,3.0,0.0,0.0
8475717,2021,Calvin Pickard,DET,G,other,2,316.0,0.23,1.0,4.0,0.14,0.0,0.54,1.0,2.29,3.0,0.13,0.0,1.07,0.0,0.93,1.0,0.23,2.0,1.0,0.0,0.09,0.15,0.0,0.0,1.0,0.0,1.0,0.0,0.0
8475717,2021,Calvin Pickard,DET,G,all,2,6207.0,4.28,5.0,87.0,3.35,2.0,11.83,12.0,50.81,59.0,1.88,4.0,29.59,27.0,21.34,26.0,4.19,56.0,14.0,2.0,1.51,1.79,0.98,0.0,4.0,1.0,15.0,0.0,0.0
8475717,2021,Calvin Pickard,DET,G,5on5,2,5106.0,2.68,2.0,70.0,2.46,1.0,9.78,10.0,39.97,46.0,1.41,4.0,23.0,21.0,17.79,23.0,2.65,47.0,9.0,1.0,1.13,1.17,0.38,0.0,2.0,0.0,13.0,0.0,0.0
8475717,2021,Calvin Pickard,DET,G,4on5,2,412.0,1.37,2.0,13.0,0.76,1.0,1.5,1.0,8.55,10.0,0.09,0.0,5.51,6.0,2.62,2.0,1.3,7.0,4.0,1.0,0.29,0.47,0.6,0.0,1.0,1.0,1.0,0.0,0.0
8475717,2021,Calvin Pickard,DET,G,5on4,2,373.0,0.0,0.0,0.0,0.0,0.0,0.0,0.0,0.0,0.0,0.25,0.0,0.0,0.0,0.0,0.0,0.0,0.0,0.0,0.0,0.0,0.0,0.0,0.0,0.0,0.0,0.0,0.0,0.0
8475215,2021,Robin Lehner,VGK,G,other,34,2616.0,7.27,4.0,86.0,3.37,5.0,8.28,5.0,44.39,41.0,0.64,1.0,25.81,22.0,13.75,23.0,6.51,35.0,16.0,9.0,1.4,2.04,3.83,2.0,2.0,0.0,26.0,0.0,0.0
8475215,2021,Robin Lehner,VGK,G,all,34,119497.0,102.23,95.0,1912.0,72.1,96.0,225.22,181.0,992.65,1017.0,34.21,38.0,542.61,438.0,391.37,519.0,97.52,965.0,278.0,123.0,27.41,34.71,40.11,30.0,32.0,33.0,546.0,0.0,0.0
8475215,2021,Robin Lehner,VGK,G,5on5,34,100540.0,73.14,72.0,1512.0,53.68,71.0,183.42,150.0,775.03,804.0,28.31,31.0,423.77,335.0,312.34,416.0,70.09,771.0,215.0,86.0,22.69,26.65,23.8,25.0,25.0,22.0,440.0,0.0,0.0
8475215,2021,Robin Lehner,VGK,G,4on5,34,8366.0,17.28,17.0,258.0,12.98,16.0,27.66,21.0,134.79,128.0,0.69,0.0,80.22,72.0,40.73,49.0,16.53,130.0,32.0,21.0,2.67,3.97,10.64,3.0,3.0,11.0,75.0,0.0,0.0
8475215,2021,Robin Lehner,VGK,G,5on4,34,7975.0,3.15,2.0,40.0,1.33,2.0,3.63,1.0,27.75,29.0,4.39,6.0,7.93,5.0,19.18,26.0,3.12,21.0,10.0,5.0,0.42,1.51,1.22,0.0,2.0,0.0,4.0,0.0,0.0
8475883,2021,Frederik Andersen,CAR,G,other,34,5010.0,8.25,6.0,111.0,5.27,6.0,12.41,11.0,63.85,60.0,1.21,2.0,37.54,29.0,20.29,33.0,7.47,49.0,25.0,12.0,1.98,3.01,3.26,0.0,4.0,2.0,25.0,0.0,0.0
8475883,2021,Frederik Andersen,CAR,G,all,34,119981.0,93.86,69.0,1730.0,67.14,85.0,222.68,199.0,977.8,958.0,36.69,35.0,530.4,416.0,391.12,530.0,90.46,965.0,266.0,106.0,29.52,32.62,31.72,25.0,20.0,24.0,393.0,0.0,0.0
8475883,2021,Frederik Andersen,CAR,G,5on5,34,93892.0,65.5,50.0,1352.0,49.18,66.0,182.12,161.0,760.28,744.0,29.47,30.0,407.18,327.0,309.31,406.0,63.58,782.0,185.0,71.0,23.87,22.59,19.03,22.0,13.0,15.0,314.0,0.0,0.0
8475883,2021,Frederik Andersen,CAR,G,4on5,34,12120.0,15.52,12.0,215.0,10.54,9.0,23.2,25.0,117.37,117.0,1.13,0.0,73.98,51.0,38.0,60.0,15.03,106.0,43.0,16.0,2.87,5.44,7.21,3.0,3.0,6.0,50.0,0.0,0.0
8475883,2021,Frederik Andersen,CAR,G,5on4,34,8959.0,4.11,1.0,47.0,1.88,4.0,4.23,1.0,32.34,32.0,4.73,3.0,9.84,7.0,21.96,29.0,3.9,25.0,12.0,6.0,0.69,1.47,1.95,0.0,0.0,1.0,4.0,0.0,0.0
8475839,2021,Louis Domingue,PIT,G,other,1,0.0,0.0,0.0,0.0,0.0,0.0,0.0,0.0,0.0,0.0,0.0,0.0,0.0,0.0,0.0,0.0,0.0,0.0,0.0,0.0,0.0,0.0,0.0,0.0,0.0,0.0,0.0,0.0,0.0
8475839,2021,Louis Domingue,PIT,G,all,1,3637.0,4.21,1.0,67.0,2.78,5.0,8.11,9.0,37.93,41.0,0.81,0.0,20.36,17.0,14.28,18.0,3.88,33.0,15.0,3.0,1.29,1.81,1.1,0.0,1.0,0.0,16.0,0.0,0.0
8475839,2021,Louis Domingue,PIT,G,5on5,1,3037.0,2.44,1.0,51.0,1.94,2.0,6.21,8.0,28.27,32.0,0.69,0.0,14.87,12.0,11.59,14.0,2.33,27.0,11.0,0.0,1.02,1.41,0.0,0.0,1.0,0.0,13.0,0.0,0.0
8475839,2021,Louis Domingue,PIT,G,4on5,1,480.0,1.72,0.0,15.0,0.8,3.0,1.77,0.0,8.91,9.0,0.07,0.0,5.11,5.0,2.31,4.0,1.5,5.0,4.0,3.0,0.22,0.4,1.1,0.0,0.0,0.0,3.0,0.0,0.0
8475839,2021,Louis Domingue,PIT,G,5on4,1,120.0,0.0,0.0,0.0,0.0,0.0,0.0,0.0,0.0,0.0,0.02,0.0,0.0,0.0,0.0,0.0,0.0,0.0,0.0,0.0,0.0,0.0,0.0,0.0,0.0,0.0,0.0,0.0,0.0
8476343,2021,Garret Sparks,LAK,G,other,2,264.0,0.1,0.0,3.0,0.1,0.0,0.26,0.0,1.33,1.0,0.07,0.0,0.93,0.0,0.57,2.0,0.1,2.0,0.0,0.0,0.1,0.0,0.0,0.0,0.0,0.0,1.0,0.0,0.0
8476343,2021,Garret Sparks,LAK,G,all,2,5833.0,3.37,3.0,91.0,3.07,1.0,11.03,14.0,44.9,47.0,1.71,0.0,26.05,18.0,18.05,27.0,3.33,54.0,7.0,2.0,1.69,0.99,0.7,1.0,0.0,2.0,28.0,0.0,0.0
8476343,2021,Garret Sparks,LAK,G,5on5,2,3939.0,2.33,3.0,62.0,2.08,1.0,8.34,10.0,32.03,33.0,1.06,0.0,18.43,15.0,12.81,16.0,2.29,40.0,3.0,2.0,1.21,0.42,0.7,1.0,0.0,2.0,17.0,0.0,0.0
8476343,2021,Garret Sparks,LAK,G,4on5,2,706.0,0.74,0.0,24.0,0.82,0.0,2.23,4.0,9.94,11.0,0.12,0.0,6.31,3.0,3.57,7.0,0.74,11.0,3.0,0.0,0.35,0.39,0.0,0.0,0.0,0.0,10.0,0.0,0.0
8476343,2021,Garret Sparks,LAK,G,5on4,2,924.0,0.21,0.0,2.0,0.07,0.0,0.2,0.0,1.6,2.0,0.46,0.0,0.38,0.0,1.1,2.0,0.21,1.0,1.0,0.0,0.03,0.18,0.0,0.0,0.0,0.0,0.0,0.0,0.0
8473541,2021,Jonathan Bernier,NJD,G,other,10,835.0,2.71,5.0,36.0,1.14,0.0,2.9,3.0,16.77,18.0,0.22,2.0,9.6,8.0,6.09,5.0,2.65,13.0,8.0,2.0,0.47,1.0,1.23,1.0,2.0,2.0,13.0,0.0,0.0
8473541,2021,Jonathan Bernier,NJD,G,all,10,30606.0,24.89,26.0,477.0,17.32,17.0,59.11,70.0,259.03,264.0,8.23,11.0,144.61,104.0,107.64,136.0,24.24,262.0,77.0,23.0,7.3,9.01,8.58,7.0,8.0,11.0,115.0,0.0,0.0
8473541,2021,Jonathan Bernier,NJD,G,5on5,10,24502.0,15.85,15.0,356.0,12.46,14.0,46.22,60.0,193.05,192.0,7.0,8.0,107.97,77.0,80.28,98.0,15.43,203.0,50.0,16.0,5.4,5.8,4.65,3.0,5.0,7.0,87.0,0.0,0.0
8473541,2021,Jonathan Bernier,NJD,G,4on5,10,2846.0,4.77,5.0,63.0,2.89,3.0,7.62,6.0,34.12,38.0,0.27,0.0,21.1,15.0,11.45,18.0,4.61,32.0,13.0,4.0,0.94,1.48,2.35,3.0,0.0,2.0,14.0,0.0,0.0
8473541,2021,Jonathan Bernier,NJD,G,5on4,10,2423.0,1.09,1.0,14.0,0.46,0.0,1.21,0.0,9.63,11.0,0.7,1.0,3.05,1.0,6.94,11.0,1.09,8.0,4.0,1.0,0.26,0.47,0.35,0.0,1.0,0.0,1.0,0.0,0.0
8476412,2021,Jordan Binnington,STL,G,other,24,2582.0,3.81,5.0,77.0,3.1,2.0,7.72,7.0,38.46,40.0,0.51,0.0,23.12,15.0,13.98,22.0,3.66,34.0,18.0,1.0,1.26,2.18,0.37,1.0,3.0,1.0,24.0,0.0,0.0
8476412,2021,Jordan Binnington,STL,G,all,24,83821.0,68.71,79.0,1335.0,53.21,72.0,177.63,182.0,761.52,778.0,21.84,19.0,422.6,331.0,308.58,378.0,65.62,785.0,211.0,60.0,24.21,25.42,19.08,29.0,31.0,19.0,279.0,4.0,2.0
8476412,2021,Jordan Binnington,STL,G,5on5,24,68934.0,52.74,57.0,1073.0,41.73,58.0,148.5,149.0,617.95,626.0,17.31,15.0,342.97,275.0,252.66,310.0,50.17,647.0,163.0,49.0,19.7,19.09,13.95,24.0,22.0,11.0,214.0,4.0,2.0
8476412,2021,Jordan Binnington,STL,G,4on5,24,6592.0,10.26,13.0,153.0,7.19,11.0,18.12,24.0,82.98,89.0,0.78,1.0,49.0,35.0,26.45,29.0,9.9,81.0,23.0,10.0,2.37,3.14,4.75,2.0,4.0,7.0,39.0,0.0,0.0
8476412,2021,Jordan Binnington,STL,G,5on4,24,5713.0,1.74,2.0,26.0,0.87,0.0,2.41,1.0,18.56,18.0,3.17,3.0,5.75,5.0,13.73,17.0,1.74,18.0,7.0,0.0,0.74,1.0,0.0,0.0,2.0,0.0,1.0,0.0,0.0
8470880,2021,Brian Elliott,TBL,G,other,10,771.0,1.45,3.0,27.0,1.04,0.0,2.86,4.0,14.5,14.0,0.3,0.0,8.97,6.0,5.23,7.0,1.43,16.0,2.0,2.0,0.51,0.37,0.57,1.0,1.0,1.0,7.0,0.0,0.0
8470880,2021,Brian Elliott,TBL,G,all,10,33029.0,21.6,24.0,470.0,16.96,14.0,57.06,56.0,251.66,246.0,8.7,8.0,145.9,104.0,104.35,146.0,20.8,268.0,70.0,16.0,7.87,8.33,5.4,7.0,9.0,8.0,116.0,0.0,0.0
8470880,2021,Brian Elliott,TBL,G,5on5,10,26799.0,14.81,15.0,369.0,12.59,12.0,46.89,43.0,197.74,191.0,7.3,7.0,114.94,79.0,84.3,121.0,14.5,221.0,51.0,8.0,6.57,5.97,2.26,6.0,6.0,3.0,89.0,0.0,0.0
8470880,2021,Brian Elliott,TBL,G,4on5,10,2686.0,4.66,5.0,62.0,2.92,2.0,6.36,8.0,32.26,35.0,0.15,0.0,19.89,19.0,10.15,11.0,4.19,25.0,15.0,5.0,0.57,1.81,2.28,0.0,2.0,3.0,17.0,0.0,0.0
8470880,2021,Brian Elliott,TBL,G,5on4,10,2773.0,0.68,1.0,12.0,0.41,0.0,0.95,1.0,7.16,6.0,0.95,1.0,2.11,0.0,4.67,7.0,0.68,6.0,2.0,1.0,0.22,0.18,0.29,0.0,0.0,1.0,3.0,0.0,0.0
8475660,2021,Cam Talbot,MIN,G,other,29,2837.0,6.17,3.0,89.0,3.38,3.0,9.34,9.0,48.0,45.0,1.22,1.0,26.52,25.0,17.97,23.0,5.86,41.0,18.0,6.0,1.64,2.32,2.21,2.0,0.0,1.0,24.0,0.0,0.0
8475660,2021,Cam Talbot,MIN,G,all,29,101799.0,81.66,81.0,1625.0,62.15,46.0,199.74,196.0,889.28,922.0,27.68,20.0,502.72,404.0,361.27,485.0,75.55,934.0,225.0,77.0,26.86,27.42,27.38,28.0,28.0,25.0,389.0,0.0,0.0
8475660,2021,Cam Talbot,MIN,G,5on5,29,82118.0,51.63,57.0,1233.0,44.59,30.0,156.25,155.0,666.62,688.0,22.44,16.0,376.79,292.0,277.38,377.0,50.31,726.0,161.0,41.0,20.67,19.64,11.32,23.0,25.0,9.0,305.0,0.0,0.0
8475660,2021,Cam Talbot,MIN,G,4on5,29,9195.0,22.09,20.0,267.0,13.18,13.0,31.14,30.0,152.31,162.0,0.54,0.0,92.32,79.0,49.41,66.0,17.65,145.0,40.0,28.0,3.95,4.73,13.41,2.0,3.0,15.0,54.0,0.0,0.0
8475660,2021,Cam Talbot,MIN,G,5on4,29,7649.0,1.76,1.0,36.0,1.01,0.0,3.01,2.0,22.35,27.0,3.47,3.0,7.09,8.0,16.51,19.0,1.73,22.0,6.0,2.0,0.6,0.72,0.44,1.0,0.0,0.0,6.0,0.0,0.0
8477180,2021,Aaron Dell,BUF,G,other,12,673.0,1.53,2.0,22.0,1.05,2.0,2.49,4.0,13.01,14.0,0.19,1.0,8.22,7.0,4.27,1.0,1.3,13.0,3.0,2.0,0.52,0.39,0.62,0.0,1.0,1.0,4.0,0.0,0.0
8477180,2021,Aaron Dell,BUF,G,all,12,33923.0,33.9,38.0,594.0,23.68,29.0,72.16,76.0,335.72,355.0,7.73,9.0,187.94,147.0,135.68,163.0,32.32,329.0,102.0,33.0,10.33,12.2,11.37,11.0,14.0,13.0,130.0,2.0,1.0
8477180,2021,Aaron Dell,BUF,G,5on5,12,27487.0,22.68,23.0,485.0,18.4,21.0,60.37,64.0,267.45,284.0,6.09,6.0,150.64,119.0,110.43,135.0,21.71,278.0,75.0,18.0,8.58,8.95,5.15,10.0,12.0,1.0,114.0,2.0,1.0
8477180,2021,Aaron Dell,BUF,G,4on5,12,2532.0,8.91,12.0,72.0,3.77,6.0,7.9,6.0,44.96,44.0,0.25,0.0,25.79,17.0,13.21,20.0,8.53,28.0,21.0,12.0,1.04,2.51,5.37,1.0,1.0,10.0,11.0,0.0,0.0
8477180,2021,Aaron Dell,BUF,G,5on4,12,3231.0,0.78,1.0,15.0,0.46,0.0,1.4,2.0,10.3,13.0,1.2,2.0,3.3,4.0,7.77,7.0,0.78,10.0,3.0,1.0,0.19,0.36,0.23,0.0,0.0,1.0,1.0,0.0,0.0
8475920,2021,Michael Houser,BUF,G,other,2,217.0,1.79,0.0,8.0,0.32,2.0,0.84,2.0,5.34,4.0,0.02,0.0,2.19,1.0,1.68,1.0,1.41,2.0,0.0,5.0,0.1,0.0,1.7,0.0,0.0,0.0,1.0,0.0,0.0
8475920,2021,Michael Houser,BUF,G,all,2,7200.0,7.11,4.0,136.0,5.42,9.0,18.23,22.0,75.89,77.0,1.77,3.0,44.2,34.0,29.57,33.0,6.56,85.0,12.0,10.0,2.12,1.39,3.6,1.0,1.0,2.0,29.0,0.0,0.0
8475920,2021,Michael Houser,BUF,G,5on5,2,5649.0,3.07,2.0,97.0,3.25,6.0,14.04,16.0,53.23,54.0,1.48,3.0,31.09,21.0,22.79,28.0,3.0,67.0,7.0,2.0,1.77,0.77,0.53,1.0,1.0,0.0,21.0,0.0,0.0
8475920,2021,Michael Houser,BUF,G,4on5,2,918.0,2.25,2.0,31.0,1.84,1.0,3.35,4.0,17.32,19.0,0.02,0.0,10.92,12.0,5.1,4.0,2.15,16.0,5.0,3.0,0.26,0.62,1.37,0.0,0.0,2.0,7.0,0.0,0.0
8475920,2021,Michael Houser,BUF,G,5on4,2,416.0,0.0,0.0,0.0,0.0,0.0,0.0,0.0,0.0,0.0,0.25,0.0,0.0,0.0,0.0,0.0,0.0,0.0,0.0,0.0,0.0,0.0,0.0,0.0,0.0,0.0,0.0,0.0,0.0
8478039,2021,Kaapo Kahkonen,MIN,G,other,18,1566.0,4.92,3.0,67.0,3.14,3.0,7.55,10.0,37.89,37.0,0.63,3.0,22.83,25.0,12.07,11.0,3.95,33.0,12.0,7.0,1.28,1.55,2.08,0.0,1.0,2.0,15.0,0.0,0.0
8478039,2021,Kaapo Kahkonen,MIN,G,all,18,59667.0,47.59,42.0,954.0,36.89,37.0,121.34,147.0,525.14,535.0,15.77,20.0,299.13,217.0,208.13,259.0,45.14,543.0,144.0,43.0,15.18,18.0,14.41,8.0,18.0,16.0,224.0,2.0,1.0
8478039,2021,Kaapo Kahkonen,MIN,G,5on5,18,47752.0,29.92,30.0,705.0,25.55,25.0,93.13,116.0,385.42,390.0,12.6,14.0,216.64,144.0,157.56,196.0,28.81,408.0,105.0,22.0,10.87,13.22,5.83,8.0,14.0,8.0,170.0,2.0,1.0
8478039,2021,Kaapo Kahkonen,MIN,G,4on5,18,5709.0,11.58,9.0,163.0,7.58,9.0,18.95,20.0,88.87,96.0,0.31,0.0,55.77,44.0,29.23,41.0,11.24,88.0,26.0,12.0,2.61,3.1,5.86,0.0,3.0,6.0,37.0,0.0,0.0
8478039,2021,Kaapo Kahkonen,MIN,G,5on4,18,4640.0,0.84,0.0,17.0,0.5,0.0,1.51,1.0,11.34,11.0,2.16,3.0,3.45,4.0,8.42,10.0,0.8,13.0,1.0,1.0,0.39,0.13,0.32,0.0,0.0,0.0,2.0,0.0,0.0
8479496,2021,David Rittich,NSH,G,other,7,507.0,1.32,0.0,17.0,0.81,1.0,1.97,5.0,10.07,9.0,0.13,0.0,6.48,6.0,3.09,2.0,1.15,6.0,6.0,2.0,0.25,0.62,0.44,0.0,0.0,0.0,3.0,0.0,0.0
8479496,2021,David Rittich,NSH,G,all,7,23644.0,16.26,20.0,348.0,12.84,11.0,39.36,44.0,176.09,170.0,6.7,7.0,101.97,79.0,70.94,88.0,15.78,180.0,55.0,12.0,6.13,6.42,3.72,5.0,11.0,4.0,101.0,0.0,0.0
8479496,2021,David Rittich,NSH,G,5on5,7,20569.0,11.46,14.0,273.0,9.43,6.0,31.11,36.0,135.27,130.0,5.51,6.0,78.6,61.0,56.1,71.0,11.23,144.0,39.0,8.0,4.71,4.59,2.16,3.0,9.0,2.0,82.0,0.0,0.0
8479496,2021,David Rittich,NSH,G,4on5,7,1533.0,3.21,6.0,49.0,2.35,4.0,5.39,2.0,25.05,24.0,0.02,0.0,14.75,10.0,7.48,10.0,3.14,23.0,9.0,2.0,0.97,1.13,1.12,2.0,2.0,2.0,15.0,0.0,0.0
8479496,2021,David Rittich,NSH,G,5on4,7,1035.0,0.16,0.0,7.0,0.15,0.0,0.61,0.0,4.21,5.0,0.62,1.0,1.42,1.0,3.51,5.0,0.15,6.0,0.0,0.0,0.16,0.0,0.0,0.0,0.0,0.0,1.0,0.0,0.0
8475852,2021,Petr Mrazek,TOR,G,other,9,724.0,1.09,1.0,22.0,1.04,1.0,2.36,4.0,11.51,14.0,0.35,0.0,7.95,9.0,4.14,2.0,1.05,13.0,4.0,0.0,0.56,0.53,0.0,1.0,0.0,0.0,5.0,0.0,0.0
8475852,2021,Petr Mrazek,TOR,G,all,9,30541.0,23.13,25.0,423.0,17.63,22.0,53.4,52.0,240.26,248.0,9.57,8.0,134.08,92.0,96.11,133.0,22.41,237.0,73.0,22.0,7.68,9.03,6.42,7.0,8.0,10.0,91.0,0.0,0.0
8475852,2021,Petr Mrazek,TOR,G,5on5,9,25709.0,18.13,20.0,343.0,13.28,17.0,44.75,42.0,194.9,199.0,7.62,5.0,106.33,65.0,79.35,120.0,17.63,195.0,54.0,19.0,6.22,6.6,5.31,6.0,6.0,8.0,75.0,0.0,0.0
8475852,2021,Petr Mrazek,TOR,G,4on5,9,2139.0,3.27,4.0,47.0,3.02,3.0,5.52,6.0,28.64,29.0,0.35,0.0,18.1,15.0,9.21,8.0,3.1,25.0,12.0,3.0,0.66,1.48,1.12,0.0,2.0,2.0,7.0,0.0,0.0
8475852,2021,Petr Mrazek,TOR,G,5on4,9,1969.0,0.64,0.0,10.0,0.29,1.0,0.77,0.0,5.22,6.0,1.25,3.0,1.71,3.0,3.42,3.0,0.62,4.0,3.0,0.0,0.24,0.41,0.0,0.0,0.0,0.0,3.0,0.0,0.0
8475156,2021,Mikko Koskinen,EDM,G,other,26,2093.0,3.52,5.0,61.0,2.77,1.0,6.79,4.0,35.7,36.0,0.6,1.0,23.27,19.0,12.43,21.0,3.36,33.0,16.0,1.0,1.38,1.84,0.3,3.0,2.0,0.0,11.0,0.0,0.0
8475156,2021,Mikko Koskinen,EDM,G,all,26,91300.0,71.32,80.0,1383.0,54.37,53.0,175.19,176.0,776.93,800.0,25.35,30.0,442.0,354.0,309.78,390.0,68.95,808.0,212.0,58.0,26.43,25.33,19.56,33.0,27.0,20.0,305.0,2.0,1.0
8475156,2021,Mikko Koskinen,EDM,G,5on5,26,76358.0,52.12,56.0,1110.0,41.0,39.0,143.29,147.0,616.34,640.0,19.53,21.0,344.96,277.0,252.72,317.0,50.82,653.0,159.0,42.0,21.68,19.09,11.35,26.0,21.0,9.0,256.0,2.0,1.0
8475156,2021,Mikko Koskinen,EDM,G,4on5,26,6597.0,13.5,17.0,188.0,9.52,11.0,22.29,22.0,106.66,105.0,0.98,1.0,67.39,57.0,33.64,36.0,12.63,110.0,27.0,13.0,2.99,3.17,7.34,4.0,3.0,10.0,38.0,0.0,0.0
8475156,2021,Mikko Koskinen,EDM,G,5on4,26,6252.0,1.13,1.0,16.0,0.69,0.0,1.5,0.0,11.9,11.0,3.94,7.0,3.94,1.0,8.38,14.0,1.11,10.0,5.0,1.0,0.28,0.64,0.21,0.0,0.0,1.0,0.0,0.0,0.0
8477967,2021,Thatcher Demko,VAN,G,other,37,2885.0,7.23,9.0,90.0,3.41,1.0,9.06,6.0,47.17,52.0,1.07,3.0,28.48,31.0,16.13,18.0,6.92,39.0,17.0,10.0,1.23,2.01,4.0,2.0,1.0,6.0,24.0,0.0,0.0
8477967,2021,Thatcher Demko,VAN,G,all,37,130844.0,104.36,92.0,2099.0,78.02,88.0,252.94,275.0,1112.53,1161.0,36.3,41.0,635.1,529.0,458.62,546.0,100.62,1163.0,305.0,98.0,34.14,36.94,33.28,28.0,30.0,34.0,533.0,2.0,1.0
8477967,2021,Thatcher Demko,VAN,G,5on5,37,106781.0,69.97,53.0,1655.0,58.07,65.0,205.32,230.0,862.84,894.0,28.84,28.0,494.08,407.0,364.71,440.0,68.02,938.0,232.0,51.0,27.63,27.99,14.35,20.0,22.0,11.0,434.0,2.0,1.0
8477967,2021,Thatcher Demko,VAN,G,4on5,37,9450.0,22.77,26.0,293.0,14.18,20.0,32.19,34.0,160.55,168.0,0.56,0.0,97.72,77.0,50.02,56.0,21.35,150.0,41.0,31.0,4.29,5.1,13.39,5.0,5.0,16.0,71.0,0.0,0.0
8477967,2021,Thatcher Demko,VAN,G,5on4,37,11728.0,3.43,3.0,49.0,1.78,1.0,4.78,5.0,33.81,41.0,5.66,9.0,11.26,10.0,23.73,27.0,3.39,31.0,9.0,6.0,0.81,1.08,1.54,1.0,1.0,1.0,3.0,0.0,0.0
8470594,2021,Marc-Andre Fleury,CHI,G,other,36,2672.0,5.82,5.0,103.0,4.37,7.0,11.5,14.0,57.18,59.0,1.05,2.0,35.99,35.0,21.22,17.0,5.4,61.0,15.0,5.0,2.42,1.71,1.69,3.0,0.0,2.0,22.0,2.0,1.0
8470594,2021,Marc-Andre Fleury,CHI,G,all,36,124886.0,91.39,100.0,2092.0,74.83,85.0,247.04,203.0,1066.45,1113.0,29.4,29.0,614.61,535.0,437.3,551.0,87.56,1179.0,232.0,90.0,36.13,27.6,27.66,48.0,23.0,29.0,591.0,2.0,1.0
8470594,2021,Marc-Andre Fleury,CHI,G,5on5,36,103251.0,65.32,73.0,1687.0,57.06,66.0,204.03,172.0,844.79,883.0,23.37,22.0,486.06,418.0,352.12,442.0,63.11,966.0,172.0,55.0,29.38,20.76,15.18,37.0,22.0,14.0,494.0,0.0,0.0
8470594,2021,Marc-Andre Fleury,CHI,G,4on5,36,9192.0,17.14,21.0,251.0,11.7,10.0,26.78,17.0,132.34,136.0,0.83,0.0,82.11,74.0,41.9,60.0,16.0,122.0,36.0,26.0,3.33,4.06,9.76,7.0,1.0,13.0,67.0,0.0,0.0
8470594,2021,Marc-Andre Fleury,CHI,G,5on4,36,9771.0,2.46,1.0,43.0,1.41,1.0,3.77,0.0,27.5,31.0,4.05,4.0,8.48,7.0,20.08,28.0,2.44,27.0,7.0,3.0,0.89,0.88,0.7,1.0,0.0,0.0,6.0,0.0,0.0
8474682,2021,Dustin Tokarski,BUF,G,other,17,1150.0,2.78,3.0,31.0,1.47,3.0,3.67,4.0,18.15,19.0,0.09,1.0,9.4,5.0,6.03,9.0,2.59,9.0,11.0,4.0,0.4,1.29,1.09,1.0,2.0,0.0,7.0,0.0,0.0
8474682,2021,Dustin Tokarski,BUF,G,all,17,56719.0,46.97,52.0,877.0,36.0,40.0,114.38,109.0,507.79,535.0,13.79,13.0,284.43,213.0,208.02,265.0,44.87,518.0,136.0,52.0,15.05,16.25,15.67,18.0,19.0,15.0,171.0,0.0,0.0
8474682,2021,Dustin Tokarski,BUF,G,5on5,17,47571.0,33.44,35.0,689.0,26.56,31.0,92.64,94.0,397.92,424.0,11.92,12.0,220.93,170.0,164.94,200.0,31.93,420.0,94.0,37.0,12.12,11.1,10.23,11.0,14.0,10.0,138.0,0.0,0.0
8474682,2021,Dustin Tokarski,BUF,G,4on5,17,4583.0,8.52,10.0,127.0,6.74,5.0,14.76,9.0,72.78,66.0,0.28,0.0,46.7,35.0,24.87,39.0,8.25,71.0,25.0,8.0,1.9,3.22,3.4,4.0,2.0,4.0,23.0,0.0,0.0
8474682,2021,Dustin Tokarski,BUF,G,5on4,17,3415.0,1.95,2.0,22.0,0.98,1.0,2.04,1.0,13.83,19.0,1.42,0.0,5.15,1.0,9.4,15.0,1.84,12.0,5.0,3.0,0.45,0.56,0.94,1.0,0.0,1.0,2.0,0.0,0.0
8478470,2021,Sam Montembeault,MTL,G,other,22,1822.0,4.96,7.0,60.0,2.95,4.0,7.17,8.0,35.08,39.0,0.55,1.0,19.4,17.0,10.86,10.0,4.53,25.0,16.0,6.0,1.12,1.85,1.99,1.0,4.0,2.0,13.0,0.0,0.0
8478470,2021,Sam Montembeault,MTL,G,all,22,62491.0,59.72,68.0,1072.0,44.83,50.0,137.91,142.0,611.52,641.0,15.69,13.0,341.32,281.0,242.82,283.0,56.95,596.0,189.0,62.0,18.43,22.73,18.57,17.0,31.0,20.0,225.0,0.0,0.0
8478470,2021,Sam Montembeault,MTL,G,5on5,22,49803.0,40.33,40.0,807.0,31.82,33.0,107.82,110.0,458.35,472.0,12.32,8.0,254.59,207.0,187.5,232.0,38.66,476.0,119.0,42.0,13.73,14.64,11.96,11.0,17.0,12.0,170.0,0.0,0.0
8478470,2021,Sam Montembeault,MTL,G,4on5,22,5979.0,11.85,17.0,176.0,8.96,11.0,20.46,20.0,99.01,110.0,0.66,1.0,61.61,57.0,31.86,26.0,11.19,82.0,46.0,10.0,3.24,5.11,3.5,5.0,7.0,5.0,38.0,0.0,0.0
8478470,2021,Sam Montembeault,MTL,G,5on4,22,4887.0,2.58,4.0,28.0,1.08,2.0,2.32,4.0,18.38,19.0,2.16,3.0,5.51,0.0,12.0,14.0,2.55,12.0,8.0,4.0,0.33,1.13,1.12,0.0,3.0,1.0,4.0,0.0,0.0
8476234,2021,Keith Kinkaid,NYR,G,other,1,134.0,0.0,0.0,1.0,0.0,0.0,0.0,0.0,0.0,0.0,0.04,0.0,0.0,0.0,0.0,0.0,0.0,0.0,0.0,0.0,0.0,0.0,0.0,0.0,0.0,0.0,1.0,0.0,0.0
8476234,2021,Keith Kinkaid,NYR,G,all,1,3600.0,2.24,2.0,51.0,2.08,3.0,7.03,6.0,29.68,31.0,0.91,1.0,17.43,12.0,12.27,19.0,2.15,33.0,8.0,1.0,0.94,1.09,0.21,1.0,1.0,0.0,9.0,0.0,0.0
8476234,2021,Keith Kinkaid,NYR,G,5on5,1,3133.0,1.71,1.0,46.0,1.77,1.0,6.31,6.0,26.52,27.0,0.75,0.0,16.14,12.0,11.25,18.0,1.7,32.0,6.0,0.0,0.91,0.8,0.0,0.0,1.0,0.0,8.0,0.0,0.0
8476234,2021,Keith Kinkaid,NYR,G,4on5,1,176.0,0.5,0.0,3.0,0.29,2.0,0.61,0.0,2.53,3.0,0.0,0.0,1.01,0.0,0.47,1.0,0.42,0.0,2.0,1.0,0.0,0.29,0.21,0.0,0.0,0.0,0.0,0.0,0.0
8476234,2021,Keith Kinkaid,NYR,G,5on4,1,157.0,0.03,1.0,1.0,0.02,0.0,0.11,0.0,0.63,1.0,0.12,1.0,0.27,0.0,0.56,0.0,0.03,1.0,0.0,0.0,0.03,0.0,0.0,1.0,0.0,0.0,0.0,0.0,0.0
8474636,2021,Michael Hutchinson,TOR,G,other,2,2.0,0.0,0.0,0.0,0.0,0.0,0.0,0.0,0.0,0.0,0.0,0.0,0.0,0.0,0.0,0.0,0.0,0.0,0.0,0.0,0.0,0.0,0.0,0.0,0.0,0.0,0.0,0.0,0.0
8474636,2021,Michael Hutchinson,TOR,G,all,2,4723.0,4.09,6.0,65.0,3.02,4.0,8.55,11.0,39.59,42.0,1.3,2.0,20.56,13.0,14.61,17.0,3.9,32.0,15.0,5.0,0.84,1.89,1.36,3.0,2.0,1.0,13.0,0.0,0.0
8474636,2021,Michael Hutchinson,TOR,G,5on5,2,3869.0,3.65,5.0,52.0,2.42,4.0,7.24,9.0,32.6,35.0,1.08,1.0,15.85,12.0,11.91,12.0,3.46,24.0,13.0,5.0,0.68,1.61,1.36,2.0,2.0,1.0,10.0,0.0,0.0
8474636,2021,Michael Hutchinson,TOR,G,4on5,2,547.0,0.27,1.0,12.0,0.57,0.0,1.22,2.0,6.21,6.0,0.02,0.0,4.5,1.0,2.23,4.0,0.27,8.0,1.0,0.0,0.16,0.1,0.0,1.0,0.0,0.0,3.0,0.0,0.0
8474636,2021,Michael Hutchinson,TOR,G,5on4,2,305.0,0.17,0.0,1.0,0.03,0.0,0.1,0.0,0.78,1.0,0.2,1.0,0.21,0.0,0.47,1.0,0.17,0.0,1.0,0.0,0.0,0.17,0.0,0.0,0.0,0.0,0.0,0.0,0.0
8470860,2021,Jaroslav Halak,VAN,G,other,10,859.0,2.2,1.0,10.0,0.27,0.0,0.54,1.0,4.96,4.0,0.43,1.0,1.51,2.0,1.34,2.0,1.23,1.0,2.0,3.0,0.03,0.25,1.91,0.0,1.0,0.0,4.0,0.0,0.0
8470860,2021,Jaroslav Halak,VAN,G,all,10,30978.0,24.85,25.0,476.0,16.68,19.0,58.19,63.0,245.86,257.0,8.41,12.0,139.33,113.0,99.52,115.0,23.23,246.0,73.0,28.0,6.8,8.63,9.43,8.0,10.0,7.0,129.0,2.0,1.0
8470860,2021,Jaroslav Halak,VAN,G,5on5,10,25702.0,17.04,16.0,388.0,13.17,15.0,49.04,57.0,199.67,215.0,6.47,8.0,113.21,92.0,82.73,93.0,16.51,212.0,52.0,18.0,5.92,6.35,4.77,8.0,6.0,2.0,106.0,2.0,1.0
8470860,2021,Jaroslav Halak,VAN,G,4on5,10,2167.0,4.94,8.0,68.0,2.92,4.0,7.58,4.0,34.88,30.0,0.19,0.0,22.36,19.0,11.92,14.0,4.81,28.0,17.0,6.0,0.68,1.78,2.47,0.0,3.0,5.0,17.0,0.0,0.0
8470860,2021,Jaroslav Halak,VAN,G,5on4,10,2250.0,0.34,0.0,5.0,0.13,0.0,0.44,1.0,3.09,4.0,1.28,3.0,0.93,0.0,2.08,3.0,0.34,3.0,0.0,1.0,0.07,0.0,0.27,0.0,0.0,0.0,1.0,0.0,0.0
8478903,2021,Adam Huska,NYR,G,other,1,10.0,0.0,0.0,0.0,0.0,0.0,0.0,0.0,0.0,0.0,0.0,0.0,0.0,0.0,0.0,0.0,0.0,0.0,0.0,0.0,0.0,0.0,0.0,0.0,0.0,0.0,0.0,0.0,0.0
8478903,2021,Adam Huska,NYR,G,all,1,2382.0,3.14,7.0,69.0,2.42,2.0,8.21,5.0,35.47,39.0,0.99,0.0,20.23,20.0,14.84,16.0,3.12,37.0,11.0,2.0,0.78,1.35,1.01,1.0,5.0,1.0,19.0,0.0,0.0
8478903,2021,Adam Huska,NYR,G,5on5,1,1616.0,1.98,6.0,51.0,1.64,2.0,6.22,4.0,25.41,33.0,0.73,0.0,13.67,13.0,10.64,10.0,1.96,24.0,11.0,0.0,0.63,1.35,0.0,1.0,5.0,0.0,16.0,0.0,0.0
8478903,2021,Adam Huska,NYR,G,4on5,1,332.0,1.09,1.0,15.0,0.72,0.0,1.79,1.0,8.72,4.0,0.14,0.0,6.06,6.0,3.07,5.0,1.08,11.0,0.0,2.0,0.08,0.0,1.01,0.0,0.0,1.0,2.0,0.0,0.0
8478903,2021,Adam Huska,NYR,G,5on4,1,424.0,0.07,0.0,3.0,0.07,0.0,0.2,0.0,1.34,2.0,0.12,0.0,0.5,1.0,1.12,1.0,0.07,2.0,0.0,0.0,0.07,0.0,0.0,0.0,0.0,0.0,1.0,0.0,0.0
8476509,2021,Maxime Lagace,TBL,G,other,2,132.0,0.16,0.0,2.0,0.1,0.0,0.21,0.0,1.37,2.0,0.09,0.0,0.79,1.0,0.7,1.0,0.16,1.0,1.0,0.0,0.05,0.11,0.0,0.0,0.0,0.0,0.0,0.0,0.0
8476509,2021,Maxime Lagace,TBL,G,all,2,5888.0,5.98,10.0,84.0,4.02,6.0,10.91,19.0,51.88,58.0,1.94,3.0,26.73,9.0,18.77,22.0,5.77,40.0,23.0,5.0,1.3,3.08,1.6,1.0,7.0,2.0,16.0,0.0,0.0
8476509,2021,Maxime Lagace,TBL,G,5on5,2,4559.0,5.03,9.0,70.0,3.33,5.0,9.59,18.0,43.74,50.0,1.28,0.0,22.27,7.0,15.46,17.0,4.83,33.0,20.0,4.0,1.08,2.7,1.25,1.0,7.0,1.0,13.0,0.0,0.0
8476509,2021,Maxime Lagace,TBL,G,4on5,2,648.0,0.62,1.0,9.0,0.5,1.0,0.96,1.0,5.31,5.0,0.14,0.0,3.21,1.0,1.52,2.0,0.59,5.0,1.0,1.0,0.11,0.16,0.35,0.0,0.0,1.0,2.0,0.0,0.0
8476509,2021,Maxime Lagace,TBL,G,5on4,2,549.0,0.18,0.0,3.0,0.08,0.0,0.14,0.0,1.46,1.0,0.42,3.0,0.46,0.0,1.09,2.0,0.18,1.0,1.0,0.0,0.07,0.12,0.0,0.0,0.0,0.0,1.0,0.0,0.0
8479979,2021,Jake Oettinger,DAL,G,other,21,2493.0,4.76,3.0,60.0,2.49,1.0,5.93,5.0,32.12,32.0,0.75,2.0,20.43,22.0,10.27,13.0,4.45,23.0,19.0,3.0,1.02,2.43,1.3,1.0,1.0,1.0,15.0,0.0,0.0
8479979,2021,Jake Oettinger,DAL,G,all,21,66393.0,48.94,46.0,1023.0,36.26,37.0,124.76,114.0,543.38,547.0,18.74,23.0,305.81,246.0,225.68,300.0,47.12,581.0,136.0,42.0,16.63,16.44,15.87,15.0,15.0,16.0,264.0,0.0,0.0
8479979,2021,Jake Oettinger,DAL,G,5on5,21,54823.0,35.72,35.0,847.0,29.11,35.0,107.49,96.0,447.39,448.0,14.55,19.0,249.84,197.0,188.35,249.0,34.75,492.0,103.0,30.0,14.19,12.33,9.2,13.0,14.0,8.0,222.0,0.0,0.0
8479979,2021,Jake Oettinger,DAL,G,4on5,21,4292.0,7.39,7.0,93.0,4.03,1.0,9.33,13.0,49.16,51.0,0.35,0.0,30.9,24.0,15.83,22.0,6.91,50.0,10.0,9.0,0.83,1.19,5.37,0.0,0.0,7.0,24.0,0.0,0.0
8479979,2021,Jake Oettinger,DAL,G,5on4,21,4785.0,1.07,1.0,23.0,0.63,0.0,2.01,0.0,14.7,16.0,3.1,2.0,4.63,3.0,11.22,16.0,1.01,16.0,4.0,0.0,0.59,0.48,0.0,1.0,0.0,0.0,3.0,0.0,0.0
8479312,2021,Alex Lyon,CAR,G,other,2,178.0,0.43,1.0,3.0,0.22,0.0,0.37,1.0,2.37,3.0,0.02,0.0,1.33,0.0,0.59,1.0,0.43,1.0,1.0,1.0,0.06,0.13,0.25,0.0,0.0,1.0,0.0,0.0,0.0
8479312,2021,Alex Lyon,CAR,G,all,2,7369.0,6.13,6.0,111.0,4.83,7.0,15.72,14.0,70.39,65.0,1.92,1.0,37.53,35.0,27.55,28.0,5.94,69.0,20.0,5.0,1.97,2.39,1.77,1.0,2.0,3.0,17.0,0.0,0.0
8479312,2021,Alex Lyon,CAR,G,5on5,2,5926.0,4.49,4.0,89.0,3.6,5.0,12.72,10.0,54.62,49.0,1.59,1.0,28.91,29.0,21.54,21.0,4.31,53.0,17.0,3.0,1.71,2.04,0.74,1.0,2.0,1.0,16.0,0.0,0.0
8479312,2021,Alex Lyon,CAR,G,4on5,2,713.0,0.96,1.0,16.0,0.91,2.0,2.28,3.0,11.27,11.0,0.06,0.0,6.6,4.0,3.89,5.0,0.95,14.0,0.0,1.0,0.18,0.0,0.78,0.0,0.0,1.0,1.0,0.0,0.0
8479312,2021,Alex Lyon,CAR,G,5on4,2,552.0,0.25,0.0,3.0,0.1,0.0,0.35,0.0,2.13,2.0,0.25,0.0,0.69,2.0,1.54,1.0,0.25,1.0,2.0,0.0,0.03,0.22,0.0,0.0,0.0,0.0,0.0,0.0,0.0
8478492,2021,Ilya Samsonov,WSH,G,other,28,2790.0,5.21,4.0,82.0,4.21,4.0,10.3,9.0,46.85,39.0,0.59,1.0,29.72,30.0,13.89,17.0,5.0,45.0,16.0,4.0,1.59,2.15,1.46,1.0,0.0,3.0,17.0,0.0,0.0
8478492,2021,Ilya Samsonov,WSH,G,all,28,90329.0,68.01,71.0,1367.0,52.4,75.0,171.32,157.0,723.27,755.0,22.68,23.0,404.97,332.0,287.43,388.0,65.51,776.0,201.0,66.0,23.91,24.7,19.4,25.0,21.0,25.0,324.0,0.0,0.0
8478492,2021,Ilya Samsonov,WSH,G,5on5,28,74489.0,51.96,52.0,1103.0,39.84,66.0,140.92,134.0,577.41,610.0,18.36,17.0,320.67,256.0,232.4,309.0,50.14,632.0,151.0,52.0,19.32,18.36,14.28,21.0,13.0,18.0,268.0,0.0,0.0
8478492,2021,Ilya Samsonov,WSH,G,4on5,28,6435.0,9.08,11.0,145.0,7.33,5.0,16.81,13.0,77.22,77.0,0.51,0.0,46.85,40.0,25.52,42.0,8.6,73.0,31.0,8.0,2.3,3.78,3.0,2.0,7.0,2.0,33.0,0.0,0.0
8478492,2021,Ilya Samsonov,WSH,G,5on4,28,6615.0,1.48,3.0,31.0,0.9,0.0,2.82,1.0,19.42,26.0,3.14,5.0,6.68,5.0,14.61,19.0,1.48,24.0,2.0,2.0,0.59,0.24,0.65,1.0,0.0,2.0,3.0,0.0,0.0
8474593,2021,Jacob Markstrom,CGY,G,other,37,3022.0,4.64,4.0,64.0,2.67,2.0,7.78,8.0,38.24,37.0,1.09,2.0,21.35,17.0,15.2,21.0,4.34,36.0,12.0,5.0,1.51,1.58,1.54,2.0,1.0,1.0,11.0,0.0,0.0
8474593,2021,Jacob Markstrom,CGY,G,all,37,132438.0,89.72,78.0,1855.0,70.47,67.0,241.05,261.0,1038.92,1062.0,41.95,44.0,573.61,435.0,428.28,555.0,86.29,1102.0,245.0,90.0,30.95,30.23,28.55,29.0,25.0,24.0,418.0,6.0,3.0
8474593,2021,Jacob Markstrom,CGY,G,5on5,37,108325.0,65.3,57.0,1476.0,53.78,52.0,199.06,212.0,830.13,842.0,33.88,31.0,457.14,344.0,343.94,449.0,63.59,897.0,192.0,57.0,25.16,23.61,16.54,23.0,21.0,13.0,330.0,4.0,2.0
8474593,2021,Jacob Markstrom,CGY,G,4on5,37,10278.0,15.65,15.0,251.0,11.89,11.0,27.95,39.0,131.08,137.0,0.86,1.0,82.04,68.0,42.0,45.0,14.33,131.0,31.0,22.0,3.31,3.79,8.56,4.0,3.0,8.0,67.0,0.0,0.0
8474593,2021,Jacob Markstrom,CGY,G,5on4,37,10813.0,3.65,1.0,58.0,1.86,1.0,5.38,1.0,35.63,41.0,6.06,10.0,11.36,6.0,25.62,38.0,3.59,35.0,9.0,5.0,0.9,1.13,1.62,0.0,0.0,1.0,9.0,2.0,1.0
8478435,2021,Dan Vladar,CGY,G,other,11,790.0,1.82,2.0,25.0,0.99,1.0,2.69,3.0,13.42,14.0,0.24,1.0,7.18,1.0,5.81,12.0,1.74,10.0,7.0,2.0,0.25,0.88,0.69,1.0,0.0,1.0,6.0,0.0,0.0
8478435,2021,Dan Vladar,CGY,G,all,11,37748.0,26.18,27.0,580.0,21.6,23.0,74.66,85.0,317.96,301.0,11.23,13.0,177.98,133.0,130.8,166.0,25.38,322.0,104.0,16.0,9.76,12.19,4.23,12.0,10.0,5.0,138.0,0.0,0.0
8478435,2021,Dan Vladar,CGY,G,5on5,11,30807.0,18.32,20.0,465.0,16.51,18.0,61.05,76.0,250.95,234.0,9.03,7.0,141.29,109.0,104.26,121.0,17.85,266.0,76.0,8.0,7.63,8.78,1.91,8.0,10.0,2.0,115.0,0.0,0.0
8478435,2021,Dan Vladar,CGY,G,4on5,11,3308.0,4.92,4.0,73.0,3.47,3.0,9.34,5.0,43.24,42.0,0.41,0.0,25.76,21.0,14.14,24.0,4.69,36.0,20.0,3.0,1.59,2.41,0.91,3.0,0.0,1.0,14.0,0.0,0.0
8478435,2021,Dan Vladar,CGY,G,5on4,11,2843.0,0.84,1.0,13.0,0.49,0.0,1.08,0.0,8.13,8.0,1.5,5.0,2.82,2.0,5.5,8.0,0.84,8.0,1.0,2.0,0.24,0.12,0.49,0.0,0.0,1.0,2.0,0.0,0.0
8477831,2021,Pheonix Copley,WSH,G,other,2,19.0,0.0,0.0,0.0,0.0,0.0,0.0,0.0,0.0,0.0,0.0,0.0,0.0,0.0,0.0,0.0,0.0,0.0,0.0,0.0,0.0,0.0,0.0,0.0,0.0,0.0,0.0,0.0,0.0
8477831,2021,Pheonix Copley,WSH,G,all,2,5795.0,3.49,5.0,88.0,2.87,5.0,11.53,12.0,48.62,41.0,1.6,1.0,26.72,23.0,21.92,21.0,3.43,59.0,5.0,4.0,1.43,0.5,1.55,1.0,1.0,3.0,20.0,0.0,0.0
8477831,2021,Pheonix Copley,WSH,G,5on5,2,4963.0,2.14,2.0,78.0,2.51,4.0,10.28,10.0,41.77,35.0,1.37,1.0,23.91,22.0,18.88,19.0,2.1,53.0,5.0,1.0,1.33,0.5,0.3,1.0,1.0,0.0,19.0,0.0,0.0
8477831,2021,Pheonix Copley,WSH,G,4on5,2,281.0,0.94,2.0,6.0,0.22,0.0,0.79,2.0,3.81,4.0,0.0,0.0,1.96,0.0,0.98,1.0,0.94,3.0,0.0,2.0,0.02,0.0,0.92,0.0,0.0,2.0,1.0,0.0,0.0
8477831,2021,Pheonix Copley,WSH,G,5on4,2,532.0,0.41,1.0,4.0,0.14,1.0,0.47,0.0,3.04,2.0,0.23,0.0,0.85,1.0,2.05,1.0,0.4,3.0,0.0,1.0,0.08,0.0,0.33,0.0,0.0,1.0,0.0,0.0,0.0
8478933,2021,Michael McNiven,MTL,G,other,1,6.0,0.0,0.0,0.0,0.0,0.0,0.0,0.0,0.0,0.0,0.0,0.0,0.0,0.0,0.0,0.0,0.0,0.0,0.0,0.0,0.0,0.0,0.0,0.0,0.0,0.0,0.0,0.0,0.0
8478933,2021,Michael McNiven,MTL,G,all,1,1200.0,1.2,3.0,16.0,0.82,1.0,1.85,0.0,9.27,7.0,0.15,0.0,4.86,5.0,3.02,2.0,1.12,6.0,4.0,2.0,0.16,0.49,0.54,1.0,1.0,1.0,4.0,0.0,0.0
8478933,2021,Michael McNiven,MTL,G,5on5,1,1035.0,0.89,1.0,13.0,0.61,1.0,1.51,0.0,7.09,5.0,0.11,0.0,3.44,4.0,2.34,2.0,0.82,5.0,2.0,2.0,0.09,0.26,0.54,0.0,0.0,1.0,4.0,0.0,0.0
8478933,2021,Michael McNiven,MTL,G,4on5,1,159.0,0.3,2.0,3.0,0.21,0.0,0.34,0.0,2.18,2.0,0.04,0.0,1.41,1.0,0.68,0.0,0.3,1.0,2.0,0.0,0.07,0.23,0.0,1.0,1.0,0.0,0.0,0.0,0.0
8478933,2021,Michael McNiven,MTL,G,5on4,1,0.0,0.0,0.0,0.0,0.0,0.0,0.0,0.0,0.0,0.0,0.0,0.0,0.0,0.0,0.0,0.0,0.0,0.0,0.0,0.0,0.0,0.0,0.0,0.0,0.0,0.0,0.0,0.0,0.0
8477484,2021,Spencer Martin,VAN,G,other,3,142.0,1.53,1.0,20.0,0.81,1.0,2.42,3.0,12.92,15.0,0.13,0.0,5.54,4.0,6.29,8.0,1.46,9.0,8.0,0.0,0.42,1.11,0.0,0.0,1.0,0.0,3.0,0.0,0.0
8477484,2021,Spencer Martin,VAN,G,all,3,11355.0,10.34,5.0,223.0,8.47,14.0,26.68,32.0,117.53,118.0,2.57,2.0,66.33,46.0,49.3,66.0,10.07,123.0,35.0,7.0,3.51,4.57,2.26,2.0,1.0,2.0,58.0,0.0,0.0
8477484,2021,Spencer Martin,VAN,G,5on5,3,9772.0,6.41,3.0,163.0,5.34,8.0,19.42,24.0,81.28,80.0,2.15,2.0,46.97,29.0,35.19,50.0,6.3,91.0,20.0,5.0,2.6,2.47,1.34,2.0,0.0,1.0,47.0,0.0,0.0
8477484,2021,Spencer Martin,VAN,G,4on5,3,914.0,2.35,1.0,37.0,2.22,5.0,4.55,4.0,22.26,21.0,0.1,0.0,13.22,13.0,6.94,7.0,2.26,21.0,7.0,2.0,0.45,0.99,0.91,0.0,0.0,1.0,7.0,0.0,0.0
8477484,2021,Spencer Martin,VAN,G,5on4,3,527.0,0.05,0.0,3.0,0.09,0.0,0.3,1.0,1.06,2.0,0.2,0.0,0.6,0.0,0.89,1.0,0.05,2.0,0.0,0.0,0.05,0.0,0.0,0.0,0.0,0.0,1.0,0.0,0.0
8475831,2021,Philipp Grubauer,SEA,G,other,36,2868.0,4.23,3.0,67.0,2.79,3.0,6.74,6.0,32.95,30.0,0.68,0.0,21.06,20.0,9.04,12.0,3.67,27.0,11.0,7.0,0.75,1.35,2.12,1.0,1.0,1.0,22.0,0.0,0.0
8475831,2021,Philipp Grubauer,SEA,G,all,36,118727.0,77.78,104.0,1707.0,62.99,72.0,214.97,226.0,915.69,906.0,30.63,33.0,510.27,380.0,371.74,453.0,75.0,979.0,218.0,71.0,26.48,26.39,24.91,42.0,33.0,29.0,439.0,0.0,0.0
8475831,2021,Philipp Grubauer,SEA,G,5on5,36,99312.0,59.26,82.0,1381.0,47.98,56.0,178.69,194.0,738.6,734.0,24.39,29.0,404.78,289.0,307.25,375.0,57.48,792.0,181.0,49.0,22.55,21.93,14.79,36.0,29.0,17.0,359.0,0.0,0.0
8475831,2021,Philipp Grubauer,SEA,G,4on5,36,7326.0,13.03,15.0,221.0,11.18,13.0,26.1,22.0,121.26,116.0,0.32,1.0,75.95,65.0,39.32,49.0,12.59,133.0,22.0,15.0,2.36,2.67,8.0,2.0,2.0,11.0,51.0,0.0,0.0
8475831,2021,Philipp Grubauer,SEA,G,5on4,36,9221.0,0.76,1.0,28.0,0.67,0.0,2.41,4.0,16.7,20.0,4.82,3.0,5.48,5.0,13.22,13.0,0.76,21.0,2.0,0.0,0.51,0.26,0.0,1.0,0.0,0.0,5.0,0.0,0.0
8480981,2021,Joel Hofer,STL,G,other,2,157.0,0.56,1.0,7.0,0.43,0.0,0.97,1.0,4.78,5.0,0.0,0.0,3.39,2.0,1.46,3.0,0.56,4.0,3.0,0.0,0.12,0.44,0.0,1.0,0.0,0.0,0.0,0.0,0.0
8480981,2021,Joel Hofer,STL,G,all,2,7029.0,5.09,6.0,95.0,3.85,5.0,12.78,12.0,54.73,50.0,1.75,1.0,31.7,28.0,22.67,27.0,4.89,59.0,16.0,3.0,1.96,2.29,0.84,3.0,2.0,1.0,17.0,0.0,0.0
8480981,2021,Joel Hofer,STL,G,5on5,2,5564.0,2.87,3.0,72.0,2.44,3.0,9.44,9.0,38.12,34.0,1.34,1.0,22.55,21.0,16.35,19.0,2.85,47.0,6.0,2.0,1.51,0.81,0.55,2.0,0.0,1.0,17.0,0.0,0.0
8480981,2021,Joel Hofer,STL,G,4on5,2,412.0,1.46,1.0,12.0,0.86,2.0,1.98,1.0,8.98,8.0,0.02,0.0,4.83,4.0,2.58,4.0,1.27,5.0,6.0,1.0,0.22,0.95,0.29,0.0,1.0,0.0,0.0,0.0,0.0
8480981,2021,Joel Hofer,STL,G,5on4,2,896.0,0.21,1.0,4.0,0.12,0.0,0.38,1.0,2.85,3.0,0.4,0.0,0.93,1.0,2.28,1.0,0.21,3.0,1.0,0.0,0.12,0.09,0.0,0.0,1.0,0.0,0.0,0.0,0.0
8469608,2021,Mike Smith,EDM,G,other,10,2266.0,1.73,2.0,24.0,0.92,1.0,2.67,3.0,14.03,17.0,0.29,0.0,8.88,7.0,5.29,7.0,1.7,11.0,9.0,0.0,0.57,1.16,0.0,2.0,0.0,0.0,4.0,0.0,0.0
8469608,2021,Mike Smith,EDM,G,all,10,34477.0,29.34,32.0,549.0,22.02,16.0,68.23,61.0,312.45,334.0,9.87,9.0,178.9,129.0,125.42,182.0,28.86,303.0,111.0,20.0,9.52,12.89,6.93,13.0,11.0,8.0,115.0,0.0,0.0
8469608,2021,Mike Smith,EDM,G,5on5,10,27143.0,20.24,21.0,424.0,16.12,11.0,54.22,41.0,239.49,250.0,7.94,8.0,134.89,95.0,99.77,154.0,19.94,242.0,78.0,13.0,7.79,8.96,3.5,10.0,8.0,3.0,91.0,0.0,0.0
8469608,2021,Mike Smith,EDM,G,4on5,10,2891.0,6.63,8.0,92.0,4.58,4.0,10.49,16.0,52.76,59.0,0.19,0.0,32.94,25.0,16.7,18.0,6.48,46.0,20.0,7.0,1.01,2.19,3.44,1.0,2.0,5.0,19.0,0.0,0.0
8469608,2021,Mike Smith,EDM,G,5on4,10,2177.0,0.36,1.0,5.0,0.19,0.0,0.47,0.0,3.6,5.0,1.31,1.0,1.25,2.0,2.63,2.0,0.36,3.0,2.0,0.0,0.1,0.26,0.0,0.0,1.0,0.0,0.0,0.0,0.0
8474596,2021,Jake Allen,MTL,G,other,24,1785.0,3.49,5.0,44.0,2.04,2.0,4.5,8.0,24.12,27.0,0.73,1.0,13.18,10.0,8.08,8.0,3.43,16.0,14.0,3.0,0.76,1.93,0.81,1.0,3.0,1.0,11.0,0.0,0.0
8474596,2021,Jake Allen,MTL,G,all,24,79940.0,66.32,70.0,1265.0,46.28,61.0,150.87,161.0,649.15,707.0,19.28,10.0,364.62,320.0,254.32,319.0,63.8,693.0,192.0,69.0,21.8,23.58,20.94,24.0,23.0,23.0,311.0,0.0,0.0
8474596,2021,Jake Allen,MTL,G,5on5,24,65450.0,48.68,46.0,1014.0,34.76,48.0,122.11,125.0,511.69,557.0,15.64,8.0,285.24,266.0,206.88,260.0,46.77,569.0,145.0,48.0,18.03,17.67,12.98,20.0,14.0,12.0,252.0,0.0,0.0
8474596,2021,Jake Allen,MTL,G,4on5,24,6429.0,12.88,18.0,188.0,8.84,11.0,22.98,26.0,103.73,113.0,0.32,0.0,63.01,41.0,32.95,43.0,12.35,99.0,30.0,16.0,2.62,3.57,6.69,3.0,6.0,9.0,43.0,0.0,0.0
8474596,2021,Jake Allen,MTL,G,5on4,24,6276.0,1.26,1.0,19.0,0.64,0.0,1.28,2.0,9.61,10.0,2.59,1.0,3.19,3.0,6.41,8.0,1.26,9.0,3.0,2.0,0.4,0.41,0.45,0.0,0.0,1.0,5.0,0.0,0.0
8478048,2021,Igor Shesterkin,NYR,G,other,30,3432.0,5.47,5.0,78.0,2.91,3.0,8.07,6.0,41.31,48.0,1.08,3.0,22.43,12.0,15.78,26.0,5.18,33.0,15.0,8.0,1.22,1.76,2.49,1.0,1.0,3.0,22.0,0.0,0.0
8478048,2021,Igor Shesterkin,NYR,G,all,30,105190.0,86.64,60.0,1795.0,67.2,74.0,217.74,197.0,963.49,967.0,25.83,29.0,541.92,439.0,397.21,542.0,82.9,994.0,263.0,85.0,27.69,31.94,27.01,20.0,18.0,22.0,453.0,0.0,0.0
8478048,2021,Igor Shesterkin,NYR,G,5on5,30,85247.0,62.24,44.0,1417.0,51.08,62.0,178.12,154.0,759.59,750.0,19.63,20.0,423.17,343.0,316.55,433.0,59.85,792.0,208.0,56.0,22.0,25.14,15.11,17.0,15.0,12.0,361.0,0.0,0.0
8478048,2021,Igor Shesterkin,NYR,G,4on5,30,8862.0,16.39,10.0,257.0,11.71,8.0,27.53,35.0,134.44,141.0,0.71,1.0,86.66,78.0,46.4,57.0,15.32,143.0,31.0,19.0,3.57,3.85,8.96,2.0,1.0,7.0,64.0,0.0,0.0
8478048,2021,Igor Shesterkin,NYR,G,5on4,30,7649.0,1.72,0.0,34.0,0.95,1.0,2.88,1.0,20.72,21.0,4.27,5.0,6.44,5.0,15.39,20.0,1.72,22.0,4.0,2.0,0.72,0.55,0.45,0.0,0.0,0.0,6.0,0.0,0.0
8476999,2021,Linus Ullmark,BOS,G,other,25,2717.0,4.94,3.0,72.0,3.24,5.0,8.42,11.0,41.79,40.0,0.7,0.0,25.16,23.0,13.81,15.0,4.55,38.0,11.0,8.0,1.49,1.3,2.14,1.0,1.0,1.0,15.0,0.0,0.0
8476999,2021,Linus Ullmark,BOS,G,all,25,86885.0,63.56,67.0,1306.0,49.81,52.0,167.12,201.0,728.78,742.0,25.38,34.0,411.35,308.0,301.24,355.0,61.51,777.0,180.0,60.0,21.12,22.01,20.42,23.0,24.0,20.0,289.0,2.0,1.0
8476999,2021,Linus Ullmark,BOS,G,5on5,25,70034.0,39.47,50.0,962.0,34.14,37.0,130.57,161.0,533.57,545.0,20.52,28.0,301.66,212.0,224.43,262.0,38.61,593.0,126.0,29.0,16.02,15.54,7.91,21.0,19.0,10.0,214.0,2.0,1.0
8476999,2021,Linus Ullmark,BOS,G,4on5,25,7608.0,16.23,14.0,224.0,10.79,10.0,23.69,23.0,120.06,122.0,0.45,1.0,73.94,66.0,38.54,48.0,15.45,117.0,28.0,22.0,2.75,3.36,10.12,1.0,4.0,9.0,57.0,0.0,0.0
8476999,2021,Linus Ullmark,BOS,G,5on4,25,6526.0,2.69,0.0,43.0,1.51,0.0,4.02,6.0,31.13,34.0,3.58,5.0,9.66,7.0,23.23,27.0,2.67,27.0,14.0,1.0,0.73,1.71,0.25,0.0,0.0,0.0,1.0,0.0,0.0
8479406,2021,Filip Gustavsson,OTT,G,other,12,1612.0,2.33,5.0,40.0,1.56,1.0,3.8,1.0,19.91,17.0,0.24,0.0,11.93,8.0,6.76,11.0,2.26,17.0,8.0,2.0,0.75,1.03,0.54,1.0,3.0,1.0,13.0,0.0,0.0
8479406,2021,Filip Gustavsson,OTT,G,all,12,40786.0,38.35,43.0,708.0,27.87,33.0,86.75,81.0,395.45,399.0,9.95,5.0,216.23,199.0,160.14,170.0,37.11,383.0,123.0,36.0,11.6,14.8,11.97,12.0,19.0,12.0,166.0,0.0,0.0
8479406,2021,Filip Gustavsson,OTT,G,5on5,12,32766.0,27.77,30.0,557.0,20.98,23.0,70.31,65.0,310.15,313.0,7.72,2.0,168.19,158.0,127.87,136.0,27.04,307.0,95.0,23.0,9.44,11.48,6.85,11.0,11.0,8.0,132.0,0.0,0.0
8479406,2021,Filip Gustavsson,OTT,G,4on5,12,3150.0,7.06,8.0,92.0,4.76,8.0,11.28,13.0,54.32,58.0,0.28,1.0,32.68,29.0,17.41,16.0,6.63,49.0,17.0,9.0,1.09,1.93,4.03,0.0,5.0,3.0,17.0,0.0,0.0
8479406,2021,Filip Gustavsson,OTT,G,5on4,12,3258.0,1.2,0.0,19.0,0.57,1.0,1.36,2.0,11.07,11.0,1.73,2.0,3.44,4.0,8.09,7.0,1.17,10.0,3.0,2.0,0.3,0.35,0.54,0.0,0.0,0.0,4.0,0.0,0.0
8478024,2021,Ville Husso,STL,G,other,17,1764.0,3.33,2.0,51.0,2.26,1.0,5.52,5.0,27.26,26.0,0.21,0.0,17.75,16.0,7.08,12.0,3.01,25.0,9.0,3.0,0.88,1.26,1.2,1.0,0.0,1.0,14.0,0.0,0.0
8478024,2021,Ville Husso,STL,G,all,17,58330.0,47.34,30.0,901.0,35.94,34.0,111.42,94.0,502.06,494.0,15.15,13.0,284.09,239.0,202.9,288.0,45.64,509.0,148.0,41.0,16.68,18.22,12.43,11.0,11.0,8.0,203.0,0.0,0.0
8478024,2021,Ville Husso,STL,G,5on5,17,46842.0,37.62,23.0,713.0,27.58,28.0,92.44,73.0,403.32,395.0,11.9,12.0,225.0,190.0,166.39,237.0,36.45,410.0,122.0,30.0,14.35,15.05,8.22,10.0,9.0,4.0,151.0,0.0,0.0
8478024,2021,Ville Husso,STL,G,4on5,17,4454.0,4.87,5.0,113.0,5.16,5.0,11.49,14.0,56.65,55.0,0.48,0.0,36.45,29.0,19.18,25.0,4.69,62.0,11.0,6.0,1.02,1.25,2.6,0.0,2.0,3.0,34.0,0.0,0.0
8478024,2021,Ville Husso,STL,G,5on4,17,5270.0,1.51,0.0,24.0,0.94,0.0,1.96,2.0,14.83,18.0,2.56,1.0,4.9,4.0,10.26,14.0,1.5,12.0,6.0,2.0,0.44,0.67,0.41,0.0,0.0,0.0,4.0,0.0,0.0
8477992,2021,Jonas Johansson,COL,G,other,9,754.0,0.47,1.0,10.0,0.31,0.0,1.12,0.0,6.31,7.0,0.11,0.0,2.59,1.0,3.35,6.0,0.47,6.0,2.0,0.0,0.17,0.3,0.0,1.0,0.0,0.0,2.0,0.0,0.0
8477992,2021,Jonas Johansson,COL,G,all,9,22218.0,17.13,24.0,347.0,12.78,13.0,43.39,44.0,186.0,201.0,6.24,4.0,104.28,74.0,77.02,99.0,16.67,195.0,50.0,16.0,5.6,6.21,5.33,10.0,8.0,6.0,86.0,0.0,0.0
8477992,2021,Jonas Johansson,COL,G,5on5,9,17999.0,12.54,19.0,287.0,10.55,13.0,37.9,36.0,154.27,167.0,4.78,3.0,87.6,63.0,62.93,80.0,12.13,168.0,37.0,12.0,4.69,4.71,3.14,6.0,8.0,5.0,70.0,0.0,0.0
8477992,2021,Jonas Johansson,COL,G,4on5,9,1402.0,3.72,3.0,41.0,1.68,0.0,3.57,8.0,19.51,19.0,0.18,0.0,12.23,9.0,6.19,7.0,3.68,15.0,9.0,4.0,0.58,0.96,2.19,2.0,0.0,1.0,13.0,0.0,0.0
8477992,2021,Jonas Johansson,COL,G,5on4,9,2063.0,0.38,0.0,8.0,0.21,0.0,0.64,0.0,5.25,7.0,1.17,1.0,1.53,1.0,4.11,6.0,0.38,5.0,2.0,0.0,0.14,0.24,0.0,0.0,0.0,0.0,1.0,0.0,0.0
8475809,2021,Scott Wedgewood,ARI,G,other,21,1749.0,4.2,4.0,60.0,2.24,3.0,7.39,14.0,34.54,37.0,0.65,1.0,17.85,13.0,14.08,12.0,4.09,31.0,13.0,3.0,1.33,1.66,1.2,4.0,0.0,0.0,13.0,0.0,0.0
8475809,2021,Scott Wedgewood,ARI,G,all,21,70390.0,56.04,63.0,1081.0,41.61,42.0,136.86,180.0,598.46,629.0,16.91,15.0,333.83,228.0,240.55,290.0,54.27,616.0,151.0,61.0,17.77,18.58,19.69,21.0,15.0,27.0,253.0,0.0,0.0
8475809,2021,Scott Wedgewood,ARI,G,5on5,21,58107.0,38.53,44.0,838.0,30.05,31.0,108.36,143.0,455.83,477.0,13.59,12.0,250.57,173.0,186.12,220.0,37.46,471.0,118.0,39.0,13.68,14.26,10.59,15.0,14.0,15.0,210.0,0.0,0.0
8475809,2021,Scott Wedgewood,ARI,G,4on5,21,5792.0,11.83,15.0,164.0,8.49,8.0,19.28,22.0,96.34,102.0,0.33,0.0,61.23,38.0,33.07,48.0,11.24,104.0,15.0,18.0,2.43,1.75,7.65,2.0,1.0,12.0,27.0,0.0,0.0
8475809,2021,Scott Wedgewood,ARI,G,5on4,21,4742.0,1.08,0.0,15.0,0.61,0.0,1.44,0.0,9.29,11.0,2.18,2.0,3.12,3.0,6.43,9.0,1.08,9.0,3.0,1.0,0.29,0.53,0.26,0.0,0.0,0.0,2.0,0.0,0.0
8473575,2021,Semyon Varlamov,NYI,G,other,14,554.0,1.23,0.0,19.0,0.67,1.0,1.84,2.0,9.24,12.0,0.29,1.0,5.7,4.0,3.2,6.0,1.09,8.0,3.0,2.0,0.15,0.29,0.79,0.0,0.0,0.0,6.0,0.0,0.0
8473575,2021,Semyon Varlamov,NYI,G,all,14,49045.0,34.15,35.0,725.0,27.1,29.0,92.27,97.0,395.66,418.0,10.36,18.0,222.48,145.0,159.28,234.0,33.16,441.0,65.0,42.0,11.89,8.26,14.0,13.0,7.0,15.0,177.0,0.0,0.0
8473575,2021,Semyon Varlamov,NYI,G,5on5,14,40860.0,26.12,27.0,593.0,20.96,21.0,77.62,80.0,325.47,333.0,8.26,11.0,180.5,112.0,134.45,204.0,25.41,366.0,54.0,30.0,10.43,7.05,8.64,13.0,6.0,8.0,143.0,0.0,0.0
8473575,2021,Semyon Varlamov,NYI,G,4on5,14,3608.0,5.99,7.0,101.0,5.05,7.0,11.95,14.0,53.97,64.0,0.21,0.0,34.2,28.0,16.99,18.0,5.85,61.0,7.0,8.0,1.16,0.82,4.01,0.0,1.0,6.0,25.0,0.0,0.0
8473575,2021,Semyon Varlamov,NYI,G,5on4,14,4023.0,0.82,1.0,12.0,0.41,0.0,0.86,1.0,6.97,9.0,1.58,6.0,2.07,1.0,4.64,6.0,0.82,6.0,1.0,2.0,0.15,0.11,0.56,0.0,0.0,1.0,3.0,0.0,0.0
8481020,2021,Justus Annunen,COL,G,other,2,8.0,0.0,0.0,0.0,0.0,0.0,0.0,0.0,0.0,0.0,0.02,0.0,0.0,0.0,0.0,0.0,0.0,0.0,0.0,0.0,0.0,0.0,0.0,0.0,0.0,0.0,0.0,0.0,0.0
8481020,2021,Justus Annunen,COL,G,all,2,5806.0,4.49,7.0,89.0,3.2,5.0,11.67,13.0,48.62,51.0,1.86,4.0,26.34,15.0,18.71,23.0,4.37,46.0,14.0,6.0,1.12,1.7,1.67,1.0,3.0,3.0,23.0,0.0,0.0
8481020,2021,Justus Annunen,COL,G,5on5,2,4794.0,3.21,3.0,73.0,2.48,5.0,10.03,12.0,39.92,43.0,1.47,4.0,21.17,13.0,15.79,19.0,3.1,40.0,10.0,4.0,0.89,1.21,1.11,1.0,1.0,1.0,19.0,0.0,0.0
8481020,2021,Justus Annunen,COL,G,4on5,2,435.0,0.72,2.0,14.0,0.61,0.0,1.44,1.0,6.96,6.0,0.04,0.0,4.71,2.0,2.3,4.0,0.71,6.0,4.0,0.0,0.23,0.49,0.0,0.0,2.0,0.0,4.0,0.0,0.0
8481020,2021,Justus Annunen,COL,G,5on4,2,569.0,0.35,1.0,1.0,0.07,0.0,0.08,0.0,0.93,1.0,0.29,0.0,0.21,0.0,0.27,0.0,0.35,0.0,0.0,1.0,0.0,0.0,0.35,0.0,0.0,1.0,0.0,0.0,0.0
8480313,2021,Logan Thompson,VGK,G,other,1,169.0,0.31,0.0,5.0,0.24,0.0,0.61,0.0,3.14,1.0,0.02,0.0,1.96,3.0,1.75,2.0,0.29,3.0,2.0,0.0,0.08,0.23,0.0,0.0,0.0,0.0,0.0,0.0,0.0
8480313,2021,Logan Thompson,VGK,G,all,1,3344.0,1.58,3.0,48.0,1.48,0.0,5.62,4.0,24.96,26.0,1.04,1.0,13.67,11.0,11.81,17.0,1.55,29.0,5.0,1.0,0.78,0.58,0.22,1.0,1.0,1.0,13.0,0.0,0.0
8480313,2021,Logan Thompson,VGK,G,5on5,1,2860.0,1.25,3.0,39.0,1.16,0.0,4.62,3.0,20.21,23.0,0.89,1.0,11.22,8.0,9.08,14.0,1.24,24.0,3.0,1.0,0.68,0.35,0.22,1.0,1.0,1.0,11.0,0.0,0.0
8480313,2021,Logan Thompson,VGK,G,4on5,1,120.0,0.01,0.0,3.0,0.06,0.0,0.32,1.0,0.78,1.0,0.0,0.0,0.3,0.0,0.28,0.0,0.01,1.0,0.0,0.0,0.01,0.0,0.0,0.0,0.0,0.0,2.0,0.0,0.0
8480313,2021,Logan Thompson,VGK,G,5on4,1,195.0,0.01,0.0,1.0,0.01,0.0,0.07,0.0,0.83,1.0,0.13,0.0,0.19,0.0,0.7,1.0,0.01,1.0,0.0,0.0,0.01,0.0,0.0,0.0,0.0,0.0,0.0,0.0,0.0
8476914,2021,Joonas Korpisalo,CBJ,G,other,18,1080.0,2.41,3.0,34.0,1.5,0.0,3.69,5.0,19.11,20.0,0.33,2.0,12.5,10.0,6.26,7.0,2.33,19.0,6.0,2.0,0.64,0.69,1.09,2.0,0.0,1.0,7.0,0.0,0.0
8476914,2021,Joonas Korpisalo,CBJ,G,all,18,58410.0,53.83,62.0,914.0,38.32,40.0,113.45,118.0,520.57,548.0,15.09,16.0,288.62,212.0,206.62,274.0,51.69,493.0,177.0,48.0,15.42,21.58,16.83,24.0,24.0,14.0,196.0,2.0,1.0
8476914,2021,Joonas Korpisalo,CBJ,G,5on5,18,47965.0,37.39,47.0,728.0,29.04,29.0,92.75,93.0,408.87,433.0,12.45,13.0,228.41,174.0,166.92,217.0,36.04,399.0,143.0,26.0,12.86,17.35,7.17,21.0,22.0,4.0,160.0,2.0,1.0
8476914,2021,Joonas Korpisalo,CBJ,G,4on5,18,4700.0,12.36,11.0,129.0,6.98,11.0,15.01,18.0,75.78,77.0,0.59,0.0,42.73,26.0,21.39,33.0,11.66,62.0,20.0,19.0,1.6,2.4,8.36,1.0,2.0,8.0,28.0,0.0,0.0
8476914,2021,Joonas Korpisalo,CBJ,G,5on4,18,4665.0,1.67,1.0,23.0,0.81,0.0,1.99,2.0,16.81,18.0,1.72,1.0,4.97,2.0,12.05,17.0,1.67,13.0,8.0,1.0,0.33,1.13,0.21,0.0,0.0,1.0,1.0,0.0,0.0
8480280,2021,Jeremy Swayman,BOS,G,other,20,2923.0,4.38,2.0,62.0,2.1,1.0,7.0,3.0,33.84,33.0,0.82,2.0,19.11,18.0,13.28,19.0,4.32,35.0,7.0,5.0,1.16,0.8,2.43,0.0,0.0,2.0,15.0,0.0,0.0
8480280,2021,Jeremy Swayman,BOS,G,all,20,70334.0,50.49,42.0,1026.0,36.8,31.0,126.53,144.0,553.62,541.0,21.32,23.0,312.41,236.0,230.59,295.0,48.24,591.0,126.0,58.0,15.51,14.9,20.08,15.0,11.0,16.0,251.0,4.0,2.0
8480280,2021,Jeremy Swayman,BOS,G,5on5,20,56939.0,33.58,30.0,799.0,27.51,25.0,102.31,115.0,426.68,414.0,16.91,18.0,241.97,177.0,179.48,233.0,32.63,469.0,99.0,31.0,12.51,11.77,9.31,13.0,8.0,9.0,200.0,2.0,1.0
8480280,2021,Jeremy Swayman,BOS,G,4on5,20,5514.0,9.7,7.0,132.0,5.91,2.0,14.16,23.0,70.72,69.0,0.54,0.0,44.3,38.0,23.69,27.0,8.65,71.0,14.0,15.0,1.5,1.64,6.56,2.0,2.0,3.0,32.0,0.0,0.0
8480280,2021,Jeremy Swayman,BOS,G,5on4,20,4958.0,1.97,2.0,29.0,0.98,2.0,2.41,2.0,18.75,21.0,2.98,3.0,6.09,3.0,12.97,15.0,1.86,16.0,5.0,4.0,0.35,0.61,1.02,0.0,0.0,2.0,4.0,2.0,1.0
8473503,2021,James Reimer,SJS,G,other,27,2475.0,5.0,5.0,78.0,2.82,3.0,8.26,8.0,40.52,42.0,0.62,0.0,22.79,21.0,15.79,18.0,4.88,41.0,10.0,5.0,1.53,1.2,2.26,2.0,1.0,2.0,22.0,0.0,0.0
8473503,2021,James Reimer,SJS,G,all,27,86881.0,74.93,69.0,1581.0,59.1,58.0,189.35,193.0,822.34,820.0,21.43,20.0,464.83,406.0,338.98,408.0,72.31,848.0,238.0,68.0,25.28,29.36,20.29,25.0,26.0,18.0,427.0,0.0,0.0
8473503,2021,James Reimer,SJS,G,5on5,27,73381.0,59.19,57.0,1318.0,46.56,49.0,159.77,169.0,674.47,672.0,17.9,15.0,381.07,323.0,279.57,335.0,57.22,702.0,195.0,51.0,20.92,24.11,14.16,21.0,24.0,12.0,370.0,0.0,0.0
8473503,2021,James Reimer,SJS,G,4on5,27,5355.0,8.1,5.0,153.0,8.62,6.0,18.33,14.0,85.45,88.0,0.45,1.0,54.11,56.0,28.85,37.0,7.58,87.0,26.0,8.0,2.39,3.14,2.57,2.0,0.0,3.0,32.0,0.0,0.0
8473503,2021,James Reimer,SJS,G,5on4,27,5670.0,1.83,2.0,26.0,0.86,0.0,2.12,1.0,17.05,13.0,2.14,3.0,5.21,5.0,12.52,14.0,1.82,15.0,5.0,3.0,0.37,0.58,0.88,0.0,1.0,1.0,3.0,0.0,0.0
8476945,2021,Connor Hellebuyck,WPG,G,other,40,3449.0,8.33,9.0,104.0,4.57,5.0,11.45,8.0,59.33,56.0,1.35,0.0,35.18,32.0,20.51,27.0,7.84,49.0,20.0,13.0,1.79,2.17,4.38,0.0,2.0,7.0,22.0,0.0,0.0
8476945,2021,Connor Hellebuyck,WPG,G,all,40,142075.0,126.21,111.0,2268.0,89.58,109.0,291.06,256.0,1262.93,1274.0,41.65,42.0,700.76,599.0,505.25,645.0,120.27,1247.0,380.0,127.0,36.98,46.92,42.31,29.0,39.0,43.0,514.0,0.0,0.0
8476945,2021,Connor Hellebuyck,WPG,G,5on5,40,114842.0,86.76,75.0,1800.0,67.21,80.0,238.35,216.0,991.47,990.0,31.69,29.0,545.93,457.0,405.52,525.0,83.55,1003.0,298.0,75.0,29.28,37.19,20.29,25.0,31.0,19.0,424.0,0.0,0.0
8476945,2021,Connor Hellebuyck,WPG,G,4on5,40,10757.0,25.65,24.0,298.0,15.2,19.0,34.36,25.0,168.14,175.0,0.93,0.0,104.3,100.0,51.85,60.0,23.57,157.0,48.0,32.0,4.29,5.8,15.56,3.0,4.0,17.0,61.0,0.0,0.0
8476945,2021,Connor Hellebuyck,WPG,G,5on4,40,13027.0,2.48,2.0,45.0,1.49,1.0,3.71,2.0,28.32,35.0,7.48,13.0,9.33,7.0,21.24,27.0,2.44,29.0,10.0,0.0,1.19,1.29,0.0,1.0,1.0,0.0,6.0,0.0,0.0
8471695,2021,Tuukka Rask,BOS,G,other,4,525.0,1.21,0.0,17.0,0.78,1.0,1.45,2.0,7.82,9.0,0.1,0.0,5.16,6.0,2.09,2.0,1.14,4.0,5.0,2.0,0.07,0.66,0.48,0.0,0.0,0.0,6.0,0.0,0.0
8471695,2021,Tuukka Rask,BOS,G,all,4,11781.0,9.56,14.0,164.0,6.53,3.0,19.39,12.0,92.94,90.0,3.23,4.0,48.48,42.0,37.29,49.0,9.42,86.0,26.0,12.0,1.8,3.4,4.36,3.0,5.0,6.0,40.0,2.0,1.0
8471695,2021,Tuukka Rask,BOS,G,5on5,4,9376.0,5.64,11.0,117.0,4.57,2.0,15.53,9.0,70.71,69.0,2.54,4.0,35.82,31.0,29.39,36.0,5.58,68.0,20.0,5.0,1.63,2.65,1.37,3.0,5.0,3.0,24.0,2.0,1.0
8471695,2021,Tuukka Rask,BOS,G,4on5,4,1096.0,2.26,2.0,24.0,1.01,0.0,2.03,1.0,11.26,8.0,0.08,0.0,6.6,4.0,3.8,9.0,2.25,12.0,0.0,4.0,0.08,0.0,2.18,0.0,0.0,2.0,8.0,0.0,0.0
8471695,2021,Tuukka Rask,BOS,G,5on4,4,784.0,0.45,1.0,6.0,0.17,0.0,0.39,0.0,3.16,4.0,0.5,0.0,0.9,1.0,2.02,2.0,0.45,2.0,1.0,1.0,0.02,0.09,0.34,0.0,0.0,1.0,2.0,0.0,0.0
8474889,2021,Martin Jones,PHI,G,other,17,1348.0,3.49,3.0,41.0,2.0,3.0,5.27,3.0,26.08,28.0,0.34,0.0,13.4,10.0,10.0,16.0,3.33,19.0,11.0,5.0,0.67,1.28,1.54,0.0,2.0,1.0,6.0,0.0,0.0
8474889,2021,Martin Jones,PHI,G,all,17,57066.0,50.87,56.0,973.0,37.48,45.0,126.55,117.0,546.14,565.0,14.93,12.0,299.2,228.0,223.03,283.0,48.76,546.0,152.0,57.0,16.12,17.92,16.84,17.0,24.0,15.0,218.0,0.0,0.0
8474889,2021,Martin Jones,PHI,G,5on5,17,46940.0,37.94,40.0,803.0,29.4,38.0,106.52,98.0,444.12,446.0,12.4,10.0,243.05,181.0,182.61,233.0,36.31,457.0,116.0,41.0,13.37,13.68,10.9,15.0,16.0,9.0,189.0,0.0,0.0
8474889,2021,Martin Jones,PHI,G,4on5,17,4354.0,8.22,10.0,107.0,5.31,4.0,12.67,15.0,61.86,74.0,0.32,0.0,37.91,35.0,19.95,20.0,7.89,53.0,24.0,9.0,1.61,2.81,3.81,1.0,5.0,4.0,21.0,0.0,0.0
8474889,2021,Martin Jones,PHI,G,5on4,17,4424.0,1.07,2.0,21.0,0.67,0.0,1.98,1.0,13.18,16.0,1.84,2.0,4.55,2.0,10.12,14.0,1.07,17.0,0.0,2.0,0.48,0.0,0.59,1.0,0.0,1.0,2.0,0.0,0.0
8478499,2021,Adin Hill,SJS,G,other,24,997.0,2.55,2.0,21.0,1.05,0.0,2.59,5.0,13.78,17.0,0.37,0.0,7.4,6.0,3.95,5.0,2.49,9.0,4.0,5.0,0.28,0.52,1.75,0.0,1.0,1.0,3.0,0.0,0.0
8478499,2021,Adin Hill,SJS,G,all,24,78931.0,54.47,61.0,1190.0,41.69,32.0,141.88,159.0,619.52,619.0,22.18,21.0,345.67,246.0,257.29,341.0,52.93,646.0,169.0,46.0,18.74,20.04,15.7,22.0,21.0,18.0,329.0,0.0,0.0
8478499,2021,Adin Hill,SJS,G,5on5,24,66507.0,41.57,44.0,989.0,33.33,32.0,120.56,131.0,510.65,504.0,17.87,17.0,283.0,197.0,213.09,288.0,40.49,536.0,142.0,30.0,15.83,16.61,9.14,20.0,14.0,10.0,281.0,0.0,0.0
8478499,2021,Adin Hill,SJS,G,4on5,24,5512.0,8.66,10.0,149.0,6.26,0.0,15.71,21.0,74.19,71.0,0.5,0.0,48.25,39.0,25.6,31.0,8.28,81.0,16.0,10.0,2.13,1.92,4.61,2.0,2.0,6.0,42.0,0.0,0.0
8478499,2021,Adin Hill,SJS,G,5on4,24,5915.0,1.44,4.0,28.0,0.9,0.0,2.51,2.0,18.57,24.0,3.38,4.0,6.02,4.0,13.63,15.0,1.43,18.0,7.0,0.0,0.46,0.98,0.0,0.0,4.0,0.0,3.0,0.0,0.0
8480382,2021,Alexandar Georgiev,NYR,G,other,20,1395.0,1.24,2.0,31.0,1.14,0.0,2.73,2.0,13.73,11.0,0.3,2.0,9.79,12.0,4.62,4.0,1.24,16.0,3.0,1.0,0.66,0.36,0.22,2.0,0.0,0.0,11.0,0.0,0.0
8480382,2021,Alexandar Georgiev,NYR,G,all,20,61473.0,45.51,51.0,962.0,36.14,47.0,119.16,100.0,509.52,490.0,14.59,19.0,285.78,228.0,204.77,264.0,43.86,530.0,130.0,48.0,15.75,16.17,13.59,18.0,15.0,18.0,254.0,0.0,0.0
8480382,2021,Alexandar Georgiev,NYR,G,5on5,20,51933.0,34.64,35.0,787.0,28.03,35.0,100.33,87.0,415.98,400.0,10.91,13.0,231.69,187.0,168.79,218.0,33.5,441.0,103.0,33.0,12.68,13.14,8.82,11.0,12.0,12.0,210.0,0.0,0.0
8480382,2021,Alexandar Georgiev,NYR,G,4on5,20,3942.0,7.67,12.0,115.0,5.94,11.0,13.17,11.0,60.94,64.0,0.14,0.0,37.67,26.0,19.45,23.0,7.21,56.0,18.0,12.0,1.89,1.93,3.86,5.0,2.0,5.0,29.0,0.0,0.0
8480382,2021,Alexandar Georgiev,NYR,G,5on4,20,4203.0,0.94,1.0,16.0,0.54,0.0,1.53,0.0,11.25,8.0,2.79,4.0,3.49,1.0,8.17,13.0,0.94,12.0,2.0,1.0,0.32,0.28,0.35,0.0,0.0,1.0,1.0,0.0,0.0
8479313,2021,Zach Sawchenko,SJS,G,other,2,126.0,0.09,0.0,4.0,0.13,0.0,0.49,1.0,2.11,2.0,0.0,0.0,1.25,2.0,0.98,0.0,0.09,3.0,0.0,0.0,0.09,0.0,0.0,0.0,0.0,0.0,1.0,0.0,0.0
8479313,2021,Zach Sawchenko,SJS,G,all,2,2443.0,3.1,1.0,45.0,1.91,3.0,6.15,6.0,26.63,23.0,0.57,2.0,14.66,18.0,10.29,8.0,2.91,24.0,10.0,3.0,0.72,1.15,1.23,0.0,1.0,0.0,8.0,0.0,0.0
8479313,2021,Zach Sawchenko,SJS,G,5on5,2,2002.0,2.13,0.0,36.0,1.36,2.0,4.95,4.0,20.45,17.0,0.54,2.0,11.53,14.0,8.32,8.0,2.0,20.0,7.0,2.0,0.56,0.73,0.83,0.0,0.0,0.0,7.0,0.0,0.0
8479313,2021,Zach Sawchenko,SJS,G,4on5,2,185.0,0.88,1.0,5.0,0.42,1.0,0.71,1.0,4.06,4.0,0.02,0.0,1.88,2.0,0.99,0.0,0.81,1.0,3.0,1.0,0.07,0.41,0.39,0.0,1.0,0.0,0.0,0.0,0.0
8479313,2021,Zach Sawchenko,SJS,G,5on4,2,130.0,0.0,0.0,0.0,0.0,0.0,0.0,0.0,0.0,0.0,0.02,0.0,0.0,0.0,0.0,0.0,0.0,0.0,0.0,0.0,0.0,0.0,0.0,0.0,0.0,0.0,0.0,0.0,0.0
8476932,2021,Anthony Stolarz,ANA,G,other,15,1083.0,3.05,3.0,39.0,1.77,1.0,4.0,3.0,21.55,24.0,0.19,0.0,12.27,13.0,7.18,9.0,2.99,18.0,8.0,3.0,0.73,0.89,1.43,0.0,1.0,2.0,10.0,0.0,0.0
8476932,2021,Anthony Stolarz,ANA,G,all,15,48825.0,35.78,37.0,784.0,30.05,29.0,100.54,106.0,428.04,456.0,12.49,13.0,245.62,185.0,179.12,238.0,34.91,469.0,110.0,27.0,13.28,12.96,9.53,9.0,16.0,12.0,178.0,0.0,0.0
8476932,2021,Anthony Stolarz,ANA,G,5on5,15,40383.0,25.21,25.0,622.0,21.89,22.0,80.38,79.0,328.1,342.0,10.48,9.0,188.87,143.0,141.07,190.0,24.55,369.0,85.0,15.0,10.94,9.92,4.35,9.0,12.0,4.0,153.0,0.0,0.0
8476932,2021,Anthony Stolarz,ANA,G,4on5,15,4248.0,6.37,7.0,104.0,5.7,6.0,14.28,19.0,65.71,73.0,0.33,0.0,39.69,27.0,21.85,30.0,6.24,70.0,11.0,9.0,1.22,1.4,3.75,0.0,1.0,6.0,14.0,0.0,0.0
8476932,2021,Anthony Stolarz,ANA,G,5on4,15,3111.0,0.89,2.0,17.0,0.56,0.0,1.66,4.0,11.36,15.0,1.49,4.0,3.82,1.0,8.68,9.0,0.89,12.0,4.0,0.0,0.39,0.51,0.0,0.0,2.0,0.0,1.0,0.0,0.0
8476903,2021,Jon Gillies,NJD,G,other,13,1302.0,0.63,3.0,13.0,0.46,0.0,1.66,1.0,7.66,10.0,0.41,0.0,4.22,1.0,3.75,6.0,0.63,9.0,2.0,0.0,0.34,0.28,0.0,3.0,0.0,0.0,2.0,0.0,0.0
8476903,2021,Jon Gillies,NJD,G,all,13,43247.0,32.17,42.0,655.0,24.63,26.0,87.41,87.0,374.1,391.0,11.35,15.0,207.46,160.0,154.81,192.0,31.38,389.0,101.0,29.0,12.11,11.66,8.39,23.0,6.0,13.0,136.0,0.0,0.0
8476903,2021,Jon Gillies,NJD,G,5on5,13,36509.0,26.71,35.0,564.0,20.23,23.0,76.32,76.0,317.5,330.0,9.16,11.0,175.9,141.0,131.22,155.0,26.08,332.0,86.0,23.0,10.37,10.05,6.29,20.0,6.0,9.0,123.0,0.0,0.0
8476903,2021,Jon Gillies,NJD,G,4on5,13,2650.0,3.46,2.0,63.0,3.31,2.0,7.71,10.0,38.05,39.0,0.32,0.0,23.93,14.0,13.33,24.0,3.33,40.0,9.0,4.0,1.11,0.86,1.48,0.0,0.0,2.0,10.0,0.0,0.0
8476903,2021,Jon Gillies,NJD,G,5on4,13,2786.0,1.24,2.0,12.0,0.51,1.0,1.26,0.0,8.71,10.0,1.42,4.0,2.44,3.0,5.23,5.0,1.22,5.0,4.0,2.0,0.16,0.47,0.62,0.0,0.0,2.0,1.0,0.0,0.0
8478433,2021,Felix Sandstrom,PHI,G,other,1,155.0,0.41,1.0,7.0,0.26,0.0,0.74,1.0,3.39,2.0,0.1,0.0,1.41,1.0,1.04,1.0,0.41,3.0,0.0,1.0,0.15,0.0,0.26,0.0,0.0,1.0,3.0,0.0,0.0
8478433,2021,Felix Sandstrom,PHI,G,all,1,3869.0,4.6,3.0,89.0,3.32,2.0,11.73,7.0,48.8,46.0,0.85,0.0,24.58,21.0,19.18,31.0,4.52,43.0,18.0,4.0,1.43,2.05,1.11,1.0,1.0,1.0,24.0,0.0,0.0
8478433,2021,Felix Sandstrom,PHI,G,5on5,1,3104.0,2.85,1.0,58.0,2.04,2.0,8.46,3.0,32.51,31.0,0.68,0.0,16.25,13.0,12.37,23.0,2.81,29.0,11.0,3.0,0.82,1.18,0.85,1.0,0.0,0.0,15.0,0.0,0.0
8478433,2021,Felix Sandstrom,PHI,G,4on5,1,480.0,1.11,0.0,20.0,0.83,0.0,2.15,3.0,9.87,9.0,0.02,0.0,5.94,5.0,3.62,6.0,1.07,8.0,6.0,0.0,0.37,0.74,0.0,0.0,0.0,0.0,6.0,0.0,0.0
8478433,2021,Felix Sandstrom,PHI,G,5on4,1,130.0,0.23,1.0,4.0,0.19,0.0,0.37,0.0,3.02,4.0,0.05,0.0,0.97,2.0,2.14,1.0,0.23,3.0,1.0,0.0,0.1,0.14,0.0,0.0,1.0,0.0,0.0,0.0,0.0
8478872,2021,Karel Vejmelka,ARI,G,other,30,3183.0,5.93,2.0,58.0,2.14,3.0,5.96,5.0,31.76,25.0,0.88,2.0,16.46,18.0,11.51,13.0,4.79,20.0,13.0,10.0,0.8,1.71,3.42,1.0,0.0,1.0,15.0,0.0,0.0
8478872,2021,Karel Vejmelka,ARI,G,all,30,97982.0,84.69,94.0,1678.0,64.95,80.0,215.29,236.0,927.97,952.0,22.9,31.0,516.73,404.0,376.68,434.0,79.36,954.0,261.0,73.0,27.3,31.23,26.16,35.0,36.0,23.0,390.0,0.0,0.0
8478872,2021,Karel Vejmelka,ARI,G,5on5,30,80114.0,57.37,66.0,1309.0,47.11,57.0,172.77,194.0,712.71,737.0,18.84,28.0,396.82,298.0,295.05,342.0,55.23,748.0,202.0,42.0,21.47,23.93,11.97,26.0,30.0,10.0,317.0,0.0,0.0
8478872,2021,Karel Vejmelka,ARI,G,4on5,30,7984.0,19.57,23.0,272.0,14.51,20.0,32.58,30.0,155.83,156.0,0.43,0.0,94.21,82.0,49.17,57.0,17.53,157.0,37.0,21.0,4.31,4.49,10.77,6.0,5.0,12.0,57.0,0.0,0.0
8478872,2021,Karel Vejmelka,ARI,G,5on4,30,6701.0,1.71,3.0,36.0,1.08,0.0,3.58,7.0,25.58,33.0,2.7,1.0,8.17,5.0,19.72,20.0,1.71,26.0,9.0,0.0,0.61,1.1,0.0,2.0,1.0,0.0,1.0,0.0,0.0
8481597,2021,Hugo Alnefelt,TBL,G,other,1,37.0,0.0,0.0,0.0,0.0,0.0,0.0,0.0,0.0,0.0,0.02,0.0,0.0,0.0,0.0,0.0,0.0,0.0,0.0,0.0,0.0,0.0,0.0,0.0,0.0,0.0,0.0,0.0,0.0
8481597,2021,Hugo Alnefelt,TBL,G,all,1,1200.0,0.84,3.0,13.0,0.5,0.0,1.57,3.0,7.72,10.0,0.4,0.0,3.51,2.0,3.31,2.0,0.84,6.0,3.0,1.0,0.17,0.46,0.21,1.0,2.0,0.0,3.0,0.0,0.0
8481597,2021,Hugo Alnefelt,TBL,G,5on5,1,774.0,0.31,2.0,9.0,0.27,0.0,1.19,2.0,5.26,7.0,0.26,0.0,2.66,2.0,2.4,1.0,0.31,6.0,1.0,0.0,0.17,0.14,0.0,1.0,1.0,0.0,2.0,0.0,0.0
8481597,2021,Hugo Alnefelt,TBL,G,4on5,1,83.0,0.17,0.0,1.0,0.12,0.0,0.09,1.0,0.86,1.0,0.0,0.0,0.43,0.0,0.18,0.0,0.17,0.0,1.0,0.0,0.0,0.17,0.0,0.0,0.0,0.0,0.0,0.0,0.0
8481597,2021,Hugo Alnefelt,TBL,G,5on4,1,306.0,0.37,1.0,3.0,0.12,0.0,0.28,0.0,1.6,2.0,0.12,0.0,0.42,0.0,0.73,1.0,0.37,0.0,1.0,1.0,0.0,0.15,0.21,0.0,1.0,0.0,1.0,0.0,0.0
8480045,2021,Ukko-Pekka Luukkonen,BUF,G,other,9,153.0,0.33,1.0,7.0,0.26,0.0,0.62,0.0,3.61,5.0,0.09,1.0,2.08,1.0,1.61,3.0,0.33,3.0,2.0,0.0,0.14,0.18,0.0,0.0,1.0,0.0,2.0,0.0,0.0
8480045,2021,Ukko-Pekka Luukkonen,BUF,G,all,9,30184.0,22.34,23.0,481.0,18.93,22.0,64.08,56.0,279.82,277.0,7.52,17.0,160.99,113.0,117.56,169.0,21.66,308.0,67.0,18.0,9.05,7.98,5.31,10.0,7.0,6.0,88.0,0.0,0.0
8480045,2021,Ukko-Pekka Luukkonen,BUF,G,5on5,9,26404.0,17.47,20.0,406.0,15.45,18.0,55.92,50.0,236.59,236.0,6.46,15.0,135.26,96.0,101.25,141.0,16.97,269.0,49.0,15.0,7.87,5.74,3.86,10.0,6.0,4.0,73.0,0.0,0.0
8480045,2021,Ukko-Pekka Luukkonen,BUF,G,4on5,9,1951.0,4.1,2.0,59.0,2.94,4.0,6.67,6.0,33.71,30.0,0.12,0.0,21.39,15.0,10.71,18.0,3.93,29.0,16.0,2.0,0.84,2.06,1.2,0.0,0.0,2.0,12.0,0.0,0.0
8480045,2021,Ukko-Pekka Luukkonen,BUF,G,5on4,9,1676.0,0.29,0.0,5.0,0.11,0.0,0.35,0.0,3.26,3.0,0.78,1.0,0.8,0.0,2.38,4.0,0.29,3.0,0.0,1.0,0.04,0.0,0.25,0.0,0.0,0.0,1.0,0.0,0.0
8479394,2021,Carter Hart,PHI,G,other,32,2615.0,5.39,8.0,69.0,2.52,1.0,5.93,8.0,33.6,36.0,1.08,2.0,18.95,17.0,12.06,12.0,5.13,24.0,15.0,7.0,1.19,1.72,2.48,1.0,1.0,6.0,23.0,0.0,0.0
8479394,2021,Carter Hart,PHI,G,all,32,112043.0,93.45,92.0,1803.0,70.53,73.0,219.78,258.0,994.38,1017.0,30.35,34.0,545.73,430.0,400.99,468.0,90.63,951.0,331.0,80.0,27.99,40.04,25.41,28.0,34.0,30.0,441.0,0.0,0.0
8479394,2021,Carter Hart,PHI,G,5on5,32,91580.0,69.18,62.0,1436.0,53.12,51.0,180.42,219.0,790.74,806.0,23.83,28.0,434.02,349.0,325.47,374.0,67.37,770.0,265.0,52.0,22.55,32.05,14.58,21.0,27.0,14.0,349.0,0.0,0.0
8479394,2021,Carter Hart,PHI,G,4on5,32,8884.0,14.49,19.0,247.0,12.97,17.0,28.49,26.0,136.53,137.0,0.87,0.0,81.71,59.0,42.72,58.0,13.89,131.0,38.0,16.0,3.41,4.62,6.46,4.0,5.0,10.0,62.0,0.0,0.0
8479394,2021,Carter Hart,PHI,G,5on4,32,8964.0,3.21,3.0,38.0,1.31,3.0,2.98,2.0,23.22,27.0,4.13,4.0,7.04,4.0,15.81,17.0,3.1,17.0,10.0,4.0,0.43,1.31,1.47,2.0,1.0,0.0,7.0,0.0,0.0
8478971,2021,Connor Ingram,NSH,G,other,2,312.0,0.1,0.0,3.0,0.18,0.0,0.44,2.0,2.25,3.0,0.05,0.0,1.44,0.0,0.77,1.0,0.07,3.0,0.0,0.0,0.1,0.0,0.0,0.0,0.0,0.0,0.0,0.0,0.0
8478971,2021,Connor Ingram,NSH,G,all,2,7143.0,5.73,6.0,116.0,4.25,4.0,13.84,18.0,62.09,64.0,2.11,3.0,33.33,26.0,24.91,26.0,5.46,58.0,21.0,5.0,1.71,2.57,1.45,1.0,3.0,2.0,32.0,0.0,0.0
8478971,2021,Connor Ingram,NSH,G,5on5,2,5203.0,3.33,5.0,85.0,2.77,3.0,10.74,12.0,43.94,45.0,1.56,3.0,23.83,20.0,17.93,18.0,3.26,48.0,9.0,3.0,1.31,1.11,0.92,1.0,2.0,2.0,25.0,0.0,0.0
8478971,2021,Connor Ingram,NSH,G,4on5,2,718.0,2.02,1.0,24.0,1.19,1.0,2.34,3.0,12.81,12.0,0.07,0.0,7.21,6.0,3.86,4.0,1.85,5.0,10.0,2.0,0.25,1.24,0.53,0.0,1.0,0.0,7.0,0.0,0.0
8478971,2021,Connor Ingram,NSH,G,5on4,2,910.0,0.28,0.0,4.0,0.1,0.0,0.32,1.0,3.1,4.0,0.43,0.0,0.85,0.0,2.35,3.0,0.28,2.0,2.0,0.0,0.06,0.22,0.0,0.0,0.0,0.0,0.0,0.0,0.0
8476904,2021,Chris Driedger,SEA,G,other,14,980.0,0.77,1.0,16.0,0.57,0.0,1.54,3.0,7.32,8.0,0.19,0.0,4.58,4.0,2.3,2.0,0.75,7.0,2.0,1.0,0.27,0.26,0.24,0.0,1.0,0.0,6.0,0.0,0.0
8476904,2021,Chris Driedger,SEA,G,all,14,42257.0,32.88,38.0,627.0,23.54,31.0,79.17,94.0,343.03,347.0,9.68,13.0,193.36,137.0,138.6,168.0,32.07,371.0,79.0,29.0,11.09,9.82,11.97,12.0,9.0,17.0,148.0,4.0,2.0
8476904,2021,Chris Driedger,SEA,G,5on5,14,35367.0,22.47,23.0,500.0,17.67,23.0,65.61,78.0,270.94,270.0,7.52,12.0,152.51,103.0,111.55,141.0,21.89,301.0,62.0,16.0,9.09,7.84,5.54,9.0,6.0,8.0,121.0,4.0,2.0
8476904,2021,Chris Driedger,SEA,G,4on5,14,2563.0,8.56,12.0,92.0,4.67,8.0,10.62,10.0,53.62,57.0,0.25,0.0,32.91,28.0,16.53,17.0,8.36,52.0,13.0,10.0,1.4,1.54,5.62,2.0,2.0,8.0,17.0,0.0,0.0
8476904,2021,Chris Driedger,SEA,G,5on4,14,3347.0,1.08,2.0,19.0,0.62,0.0,1.4,3.0,11.15,12.0,1.72,1.0,3.36,2.0,8.22,8.0,1.08,11.0,2.0,2.0,0.32,0.19,0.56,1.0,0.0,1.0,4.0,0.0,0.0
8480193,2021,Daniil Tarasov,CBJ,G,other,4,98.0,0.13,0.0,2.0,0.08,0.0,0.23,0.0,0.84,1.0,0.0,0.0,0.38,1.0,0.11,0.0,0.13,0.0,1.0,0.0,0.0,0.13,0.0,0.0,0.0,0.0,1.0,0.0,0.0
8480193,2021,Daniil Tarasov,CBJ,G,all,4,10491.0,9.62,7.0,197.0,7.34,15.0,24.46,18.0,105.1,111.0,2.19,2.0,56.54,58.0,42.55,45.0,9.14,103.0,34.0,7.0,3.14,4.55,1.92,1.0,4.0,2.0,53.0,0.0,0.0
8480193,2021,Daniil Tarasov,CBJ,G,5on5,4,9479.0,9.09,7.0,178.0,6.59,13.0,22.0,16.0,94.54,98.0,1.93,2.0,51.94,53.0,37.25,40.0,8.63,91.0,32.0,7.0,2.93,4.24,1.92,1.0,4.0,2.0,48.0,0.0,0.0
8480193,2021,Daniil Tarasov,CBJ,G,4on5,4,517.0,0.11,0.0,11.0,0.41,1.0,1.39,2.0,5.15,6.0,0.13,0.0,2.89,2.0,2.02,2.0,0.11,7.0,0.0,0.0,0.11,0.0,0.0,0.0,0.0,0.0,4.0,0.0,0.0
8480193,2021,Daniil Tarasov,CBJ,G,5on4,4,397.0,0.28,0.0,6.0,0.25,1.0,0.84,0.0,4.57,6.0,0.13,0.0,1.33,2.0,3.16,3.0,0.27,5.0,1.0,0.0,0.1,0.18,0.0,0.0,0.0,0.0,0.0,0.0,0.0
8476434,2021,John Gibson,ANA,G,other,35,3835.0,11.3,10.0,128.0,5.01,1.0,13.05,8.0,71.76,72.0,1.31,1.0,38.76,38.0,27.65,37.0,8.6,57.0,28.0,13.0,2.23,3.29,5.77,5.0,4.0,1.0,30.0,0.0,0.0
8476434,2021,John Gibson,ANA,G,all,35,125224.0,99.06,91.0,2035.0,78.0,99.0,254.07,277.0,1105.89,1116.0,32.65,31.0,628.66,479.0,456.26,567.0,93.28,1158.0,321.0,74.0,35.68,38.49,24.9,39.0,42.0,10.0,482.0,6.0,3.0
8476434,2021,John Gibson,ANA,G,5on5,35,103271.0,69.68,69.0,1584.0,57.13,82.0,202.26,223.0,845.43,847.0,26.08,21.0,478.28,347.0,354.24,439.0,67.48,912.0,228.0,50.0,27.65,27.68,14.35,31.0,31.0,7.0,394.0,6.0,3.0
8476434,2021,John Gibson,ANA,G,4on5,35,8639.0,15.57,11.0,275.0,14.31,16.0,34.08,41.0,158.05,163.0,0.72,0.0,100.61,86.0,53.01,64.0,14.75,158.0,55.0,10.0,4.73,6.27,4.57,2.0,7.0,2.0,52.0,0.0,0.0
8476434,2021,John Gibson,ANA,G,5on4,35,9479.0,1.78,0.0,33.0,1.07,0.0,3.29,3.0,22.82,25.0,4.29,9.0,7.4,6.0,16.82,21.0,1.75,23.0,7.0,1.0,0.63,0.95,0.2,0.0,0.0,0.0,2.0,0.0,0.0
8477293,2021,Antti Raanta,CAR,G,other,12,748.0,1.6,2.0,20.0,1.04,2.0,2.35,1.0,11.44,12.0,0.18,1.0,6.14,5.0,3.46,4.0,1.52,9.0,3.0,3.0,0.42,0.34,0.84,0.0,0.0,2.0,5.0,0.0,0.0
8477293,2021,Antti Raanta,CAR,G,all,12,37664.0,27.96,25.0,506.0,20.47,33.0,67.0,55.0,289.29,274.0,11.71,16.0,155.23,115.0,113.59,155.0,26.94,285.0,77.0,32.0,8.59,9.78,9.6,6.0,11.0,8.0,112.0,0.0,0.0
8477293,2021,Antti Raanta,CAR,G,5on5,12,30354.0,22.16,18.0,407.0,15.53,28.0,55.22,46.0,231.78,217.0,9.6,14.0,121.85,91.0,90.42,122.0,21.25,223.0,67.0,23.0,6.91,8.6,6.65,5.0,9.0,4.0,94.0,0.0,0.0
8477293,2021,Antti Raanta,CAR,G,4on5,12,3562.0,3.05,3.0,67.0,3.53,3.0,8.44,8.0,38.14,36.0,0.31,0.0,24.95,18.0,14.71,22.0,3.03,47.0,6.0,3.0,1.12,0.73,1.21,1.0,1.0,1.0,11.0,0.0,0.0
8477293,2021,Antti Raanta,CAR,G,5on4,12,3000.0,1.15,2.0,12.0,0.37,0.0,0.99,0.0,7.92,9.0,1.61,1.0,2.28,1.0,5.0,7.0,1.15,6.0,1.0,3.0,0.15,0.11,0.89,0.0,1.0,1.0,2.0,0.0,0.0
8479292,2021,Charlie Lindgren,STL,G,other,5,305.0,0.32,0.0,9.0,0.28,0.0,0.83,0.0,3.18,3.0,0.07,0.0,2.39,5.0,1.03,0.0,0.32,3.0,2.0,0.0,0.08,0.24,0.0,0.0,0.0,0.0,4.0,0.0,0.0
8479292,2021,Charlie Lindgren,STL,G,all,5,14785.0,9.63,5.0,216.0,8.07,6.0,27.84,20.0,119.22,118.0,3.71,0.0,67.37,71.0,50.09,60.0,8.77,128.0,31.0,8.0,3.67,3.68,2.27,3.0,1.0,1.0,49.0,0.0,0.0
8479292,2021,Charlie Lindgren,STL,G,5on5,5,12489.0,7.73,5.0,187.0,6.62,3.0,23.84,19.0,103.3,100.0,3.03,0.0,58.7,60.0,44.75,54.0,7.45,113.0,28.0,4.0,3.4,3.24,1.09,3.0,1.0,1.0,42.0,0.0,0.0
8479292,2021,Charlie Lindgren,STL,G,4on5,5,720.0,1.46,0.0,16.0,1.08,3.0,2.78,1.0,10.48,12.0,0.1,0.0,5.56,5.0,2.71,4.0,0.88,9.0,1.0,4.0,0.08,0.19,1.19,0.0,0.0,0.0,2.0,0.0,0.0
8479292,2021,Charlie Lindgren,STL,G,5on4,5,1271.0,0.12,0.0,4.0,0.09,0.0,0.39,0.0,2.26,3.0,0.49,0.0,0.73,1.0,1.61,2.0,0.12,3.0,0.0,0.0,0.12,0.0,0.0,0.0,0.0,0.0,1.0,0.0,0.0
8477424,2021,Juuse Saros,NSH,G,other,41,5805.0,13.34,8.0,182.0,7.84,10.0,17.94,20.0,95.26,97.0,1.71,3.0,58.68,50.0,29.7,41.0,11.15,73.0,43.0,15.0,2.88,5.14,5.32,2.0,5.0,1.0,51.0,0.0,0.0
8477424,2021,Juuse Saros,NSH,G,all,41,145592.0,117.05,99.0,2273.0,91.45,75.0,277.61,317.0,1257.43,1282.0,37.79,42.0,725.11,551.0,502.08,654.0,110.85,1302.0,347.0,106.0,40.21,41.47,35.37,33.0,38.0,28.0,518.0,0.0,0.0
8477424,2021,Juuse Saros,NSH,G,5on5,41,114592.0,75.51,65.0,1644.0,62.67,46.0,210.03,250.0,910.23,934.0,29.79,35.0,519.52,370.0,377.47,502.0,73.6,977.0,238.0,60.0,30.82,28.48,16.21,25.0,28.0,12.0,369.0,0.0,0.0
8477424,2021,Juuse Saros,NSH,G,4on5,41,13798.0,25.12,24.0,396.0,19.1,19.0,44.78,42.0,218.07,210.0,0.76,0.0,134.83,123.0,70.99,81.0,23.02,220.0,53.0,29.0,5.49,6.26,13.36,4.0,5.0,15.0,94.0,0.0,0.0
8477424,2021,Juuse Saros,NSH,G,5on4,41,11397.0,2.73,2.0,46.0,1.62,0.0,4.19,4.0,30.12,36.0,5.46,4.0,10.55,7.0,21.82,28.0,2.73,29.0,11.0,2.0,0.89,1.37,0.48,2.0,0.0,0.0,4.0,0.0,0.0
8476341,2021,Anton Forsberg,OTT,G,other,21,2186.0,5.26,6.0,63.0,2.95,3.0,7.45,11.0,37.73,36.0,0.68,1.0,22.35,15.0,12.68,15.0,4.93,26.0,19.0,7.0,1.29,2.15,1.82,1.0,3.0,2.0,11.0,0.0,0.0
8476341,2021,Anton Forsberg,OTT,G,all,21,63785.0,54.27,51.0,1121.0,42.99,27.0,134.76,144.0,606.13,598.0,17.76,27.0,345.46,298.0,243.45,295.0,52.36,598.0,197.0,45.0,17.81,23.45,13.01,15.0,19.0,17.0,281.0,0.0,0.0
8476341,2021,Anton Forsberg,OTT,G,5on5,21,51545.0,38.16,36.0,873.0,31.01,19.0,107.12,108.0,464.53,453.0,14.22,21.0,260.65,234.0,193.69,231.0,37.22,474.0,145.0,26.0,13.86,17.52,6.79,13.0,14.0,9.0,228.0,0.0,0.0
8476341,2021,Anton Forsberg,OTT,G,4on5,21,5240.0,10.23,9.0,170.0,8.61,5.0,18.91,21.0,95.41,99.0,0.4,0.0,59.4,49.0,30.74,41.0,9.6,88.0,31.0,12.0,2.35,3.48,4.4,1.0,2.0,6.0,39.0,0.0,0.0
8476341,2021,Anton Forsberg,OTT,G,5on4,21,4814.0,0.62,0.0,15.0,0.42,0.0,1.28,4.0,8.46,10.0,2.46,5.0,3.07,0.0,6.35,8.0,0.62,10.0,2.0,0.0,0.31,0.31,0.0,0.0,0.0,0.0,3.0,0.0,0.0
8480051,2021,Cayden Primeau,MTL,G,other,11,392.0,1.15,1.0,22.0,1.06,0.0,2.92,4.0,14.26,15.0,0.16,1.0,7.86,9.0,6.49,6.0,1.1,16.0,4.0,0.0,0.65,0.51,0.0,1.0,0.0,0.0,2.0,0.0,0.0
8480051,2021,Cayden Primeau,MTL,G,all,11,28778.0,25.03,39.0,501.0,20.14,25.0,65.24,63.0,282.95,291.0,7.56,8.0,158.88,128.0,117.29,134.0,24.17,296.0,76.0,24.0,8.61,9.16,7.26,14.0,15.0,10.0,105.0,0.0,0.0
8480051,2021,Cayden Primeau,MTL,G,5on5,11,23981.0,18.82,32.0,403.0,15.61,23.0,54.11,50.0,226.65,238.0,6.0,6.0,127.2,100.0,93.79,106.0,18.15,237.0,62.0,18.0,6.78,7.42,4.63,13.0,13.0,6.0,86.0,0.0,0.0
8480051,2021,Cayden Primeau,MTL,G,4on5,11,2296.0,4.1,6.0,60.0,2.92,2.0,7.15,7.0,33.6,28.0,0.5,0.0,20.96,15.0,10.73,16.0,3.96,35.0,7.0,5.0,0.91,0.83,2.36,0.0,2.0,4.0,13.0,0.0,0.0
8480051,2021,Cayden Primeau,MTL,G,5on4,11,2109.0,0.96,0.0,16.0,0.56,0.0,1.06,2.0,8.43,10.0,0.91,1.0,2.87,4.0,6.27,6.0,0.96,8.0,3.0,1.0,0.29,0.4,0.27,0.0,0.0,0.0,4.0,0.0,0.0
8478406,2021,Mackenzie Blackwood,NJD,G,other,23,1871.0,3.52,3.0,39.0,1.61,1.0,4.03,2.0,23.0,24.0,0.8,0.0,11.35,10.0,8.77,12.0,3.31,15.0,10.0,5.0,0.6,1.34,1.59,2.0,0.0,1.0,9.0,0.0,0.0
8478406,2021,Mackenzie Blackwood,NJD,G,all,23,76677.0,59.74,70.0,1188.0,44.4,38.0,152.56,159.0,672.65,663.0,22.5,29.0,366.78,259.0,278.97,358.0,57.98,689.0,182.0,53.0,20.48,22.36,16.9,24.0,25.0,21.0,264.0,0.0,0.0
8478406,2021,Mackenzie Blackwood,NJD,G,5on5,23,64113.0,47.72,58.0,1009.0,36.2,33.0,132.03,144.0,565.16,558.0,18.54,24.0,308.49,214.0,236.34,299.0,46.38,594.0,145.0,40.0,18.29,17.45,11.98,21.0,21.0,16.0,230.0,0.0,0.0
8478406,2021,Mackenzie Blackwood,NJD,G,4on5,23,5575.0,6.38,6.0,116.0,5.69,3.0,13.94,11.0,66.34,67.0,0.52,0.0,41.64,32.0,22.28,35.0,6.19,68.0,18.0,6.0,1.22,2.42,2.73,1.0,1.0,4.0,24.0,0.0,0.0
8478406,2021,Mackenzie Blackwood,NJD,G,5on4,23,5118.0,1.87,3.0,22.0,0.78,1.0,2.3,2.0,16.47,13.0,2.54,5.0,4.7,3.0,10.86,10.0,1.85,12.0,7.0,2.0,0.38,0.9,0.6,0.0,3.0,0.0,1.0,0.0,0.0
8471418,2021,Anton Khudobin,DAL,G,other,9,854.0,1.5,3.0,22.0,0.99,0.0,2.2,4.0,11.78,12.0,0.23,1.0,7.54,6.0,4.33,4.0,1.46,9.0,7.0,1.0,0.37,0.88,0.26,0.0,2.0,1.0,5.0,0.0,0.0
8471418,2021,Anton Khudobin,DAL,G,all,9,27748.0,19.54,28.0,429.0,16.18,9.0,48.91,65.0,221.37,232.0,7.17,15.0,129.97,103.0,91.23,102.0,18.65,234.0,66.0,13.0,7.33,8.12,4.08,10.0,11.0,7.0,116.0,0.0,0.0
8471418,2021,Anton Khudobin,DAL,G,5on5,9,22624.0,13.36,16.0,333.0,11.43,8.0,37.9,47.0,166.19,174.0,5.86,10.0,95.32,73.0,70.64,85.0,12.84,181.0,46.0,7.0,5.36,5.68,2.32,8.0,5.0,3.0,99.0,0.0,0.0
8471418,2021,Anton Khudobin,DAL,G,4on5,9,2442.0,4.06,9.0,69.0,3.54,1.0,8.41,14.0,39.54,42.0,0.16,1.0,25.9,22.0,13.8,10.0,3.73,41.0,12.0,4.0,1.51,1.47,1.09,2.0,4.0,3.0,12.0,0.0,0.0
8471418,2021,Anton Khudobin,DAL,G,5on4,9,1828.0,0.52,0.0,4.0,0.17,0.0,0.32,0.0,3.16,4.0,0.87,3.0,0.86,1.0,2.05,3.0,0.52,3.0,0.0,1.0,0.1,0.0,0.41,0.0,0.0,0.0,0.0,0.0,0.0
8476899,2021,Matt Murray,OTT,G,other,17,2599.0,3.08,1.0,32.0,1.45,3.0,3.56,3.0,19.78,19.0,0.62,0.0,10.1,10.0,7.14,9.0,2.79,13.0,8.0,5.0,0.49,0.99,1.6,0.0,1.0,0.0,6.0,0.0,0.0
8476899,2021,Matt Murray,OTT,G,all,17,60289.0,53.39,45.0,1026.0,40.45,49.0,121.55,120.0,555.19,555.0,15.94,19.0,312.02,249.0,224.88,292.0,51.43,529.0,195.0,46.0,15.53,22.98,14.87,9.0,25.0,11.0,256.0,0.0,0.0
8476899,2021,Matt Murray,OTT,G,5on5,17,48889.0,38.26,31.0,828.0,30.18,31.0,97.82,94.0,435.99,430.0,12.85,17.0,248.17,197.0,181.75,246.0,37.22,428.0,158.0,24.0,12.83,18.56,6.87,8.0,18.0,5.0,218.0,0.0,0.0
8476899,2021,Matt Murray,OTT,G,4on5,17,4472.0,9.91,10.0,138.0,7.7,14.0,17.36,20.0,81.38,86.0,0.42,1.0,47.65,34.0,24.72,28.0,9.31,73.0,23.0,14.0,1.64,2.7,5.57,0.0,4.0,6.0,28.0,0.0,0.0
8476899,2021,Matt Murray,OTT,G,5on4,17,4329.0,1.88,2.0,23.0,0.94,1.0,2.27,3.0,15.05,17.0,2.0,1.0,4.75,6.0,9.68,8.0,1.85,12.0,5.0,3.0,0.44,0.61,0.83,1.0,1.0,0.0,3.0,0.0,0.0
8482076,2021,Nico Daws,NJD,G,other,4,120.0,0.13,0.0,2.0,0.03,0.0,0.1,0.0,0.81,0.0,0.09,0.0,0.28,0.0,0.44,1.0,0.13,0.0,1.0,0.0,0.0,0.13,0.0,0.0,0.0,0.0,1.0,0.0,0.0
8482076,2021,Nico Daws,NJD,G,all,4,8662.0,6.7,8.0,112.0,3.93,6.0,14.12,11.0,61.97,58.0,2.65,4.0,32.5,19.0,24.55,38.0,6.62,56.0,20.0,8.0,1.56,2.51,2.64,3.0,1.0,4.0,28.0,0.0,0.0
8482076,2021,Nico Daws,NJD,G,5on5,4,7897.0,5.44,6.0,103.0,3.71,6.0,13.46,11.0,57.33,54.0,2.35,4.0,30.54,18.0,22.78,35.0,5.36,54.0,18.0,6.0,1.54,2.29,1.61,3.0,1.0,2.0,25.0,0.0,0.0
8482076,2021,Nico Daws,NJD,G,4on5,4,224.0,1.04,2.0,5.0,0.16,0.0,0.47,0.0,3.02,3.0,0.0,0.0,1.49,1.0,0.75,1.0,1.04,2.0,0.0,2.0,0.02,0.0,1.02,0.0,0.0,2.0,1.0,0.0,0.0
8482076,2021,Nico Daws,NJD,G,5on4,4,421.0,0.1,0.0,2.0,0.03,0.0,0.08,0.0,0.81,1.0,0.2,0.0,0.2,0.0,0.57,1.0,0.1,0.0,1.0,0.0,0.0,0.1,0.0,0.0,0.0,0.0,1.0,0.0,0.0
8480420,2021,Collin Delia,CHI,G,other,2,120.0,0.22,1.0,2.0,0.1,0.0,0.4,0.0,1.72,1.0,0.0,0.0,0.63,1.0,0.6,0.0,0.21,0.0,2.0,0.0,0.0,0.22,0.0,0.0,1.0,0.0,0.0,0.0,0.0
8480420,2021,Collin Delia,CHI,G,all,2,1678.0,1.07,3.0,21.0,0.76,1.0,2.61,4.0,11.46,12.0,0.67,0.0,7.05,3.0,5.11,6.0,0.99,12.0,4.0,1.0,0.33,0.45,0.29,1.0,2.0,0.0,4.0,0.0,0.0
8480420,2021,Collin Delia,CHI,G,5on5,2,1212.0,0.32,1.0,13.0,0.4,0.0,1.57,4.0,6.45,7.0,0.44,0.0,4.35,1.0,3.15,4.0,0.32,9.0,1.0,0.0,0.23,0.09,0.0,1.0,0.0,0.0,3.0,0.0,0.0
8480420,2021,Collin Delia,CHI,G,4on5,2,106.0,0.51,1.0,5.0,0.24,1.0,0.52,0.0,2.61,4.0,0.0,0.0,1.76,1.0,0.86,1.0,0.45,2.0,1.0,1.0,0.08,0.14,0.29,0.0,1.0,0.0,1.0,0.0,0.0
8480420,2021,Collin Delia,CHI,G,5on4,2,240.0,0.02,0.0,1.0,0.02,0.0,0.13,0.0,0.69,0.0,0.24,0.0,0.31,0.0,0.49,1.0,0.02,1.0,0.0,0.0,0.02,0.0,0.0,0.0,0.0,0.0,0.0,0.0,0.0
8477970,2021,Vitek Vanecek,WSH,G,other,24,1045.0,2.46,5.0,36.0,1.59,3.0,3.56,1.0,17.68,21.0,0.41,0.0,10.68,9.0,5.15,5.0,2.34,15.0,6.0,3.0,0.52,0.81,1.13,1.0,1.0,3.0,12.0,0.0,0.0
8477970,2021,Vitek Vanecek,WSH,G,all,24,78366.0,51.7,52.0,1155.0,42.8,36.0,139.55,129.0,602.82,611.0,21.9,16.0,344.26,299.0,252.02,313.0,49.0,639.0,173.0,38.0,17.31,20.84,13.56,18.0,19.0,15.0,305.0,0.0,0.0
8477970,2021,Vitek Vanecek,WSH,G,5on5,24,65454.0,36.13,31.0,923.0,31.52,22.0,112.39,106.0,473.23,474.0,17.73,11.0,270.91,238.0,202.71,260.0,35.42,512.0,133.0,24.0,14.05,15.69,6.4,12.0,13.0,6.0,254.0,0.0,0.0
8477970,2021,Vitek Vanecek,WSH,G,4on5,24,5599.0,11.01,11.0,152.0,8.33,11.0,19.24,15.0,85.82,86.0,0.44,0.0,52.19,48.0,26.33,32.0,9.16,84.0,26.0,10.0,1.86,3.39,5.77,3.0,3.0,5.0,32.0,0.0,0.0
8477970,2021,Vitek Vanecek,WSH,G,5on4,24,6268.0,1.22,2.0,30.0,0.84,0.0,2.72,4.0,17.24,20.0,2.95,5.0,6.44,3.0,13.19,14.0,1.22,20.0,4.0,1.0,0.53,0.44,0.25,0.0,1.0,1.0,5.0,0.0,0.0
8480843,2021,Lukas Dostal,ANA,G,other,3,91.0,1.03,1.0,8.0,0.4,0.0,0.92,1.0,5.78,5.0,0.04,0.0,3.19,4.0,2.26,2.0,1.01,5.0,2.0,1.0,0.2,0.26,0.56,0.0,0.0,1.0,0.0,0.0,0.0
8480843,2021,Lukas Dostal,ANA,G,all,3,8521.0,6.79,6.0,141.0,5.49,3.0,17.35,20.0,78.17,84.0,2.48,2.0,44.69,36.0,31.19,41.0,6.63,83.0,20.0,5.0,2.41,2.57,1.81,1.0,4.0,1.0,33.0,0.0,0.0
8480843,2021,Lukas Dostal,ANA,G,5on5,3,7488.0,4.82,4.0,117.0,4.02,3.0,14.44,19.0,61.49,70.0,2.17,2.0,34.52,23.0,25.24,34.0,4.73,67.0,15.0,3.0,1.89,1.89,1.04,1.0,3.0,0.0,32.0,0.0,0.0
8480843,2021,Lukas Dostal,ANA,G,4on5,3,557.0,0.91,1.0,15.0,1.05,0.0,1.87,0.0,10.15,8.0,0.1,0.0,6.73,9.0,3.13,4.0,0.85,10.0,3.0,1.0,0.28,0.42,0.21,0.0,1.0,0.0,1.0,0.0,0.0
8480843,2021,Lukas Dostal,ANA,G,5on4,3,385.0,0.04,0.0,1.0,0.02,0.0,0.12,0.0,0.75,1.0,0.16,0.0,0.24,0.0,0.56,1.0,0.04,1.0,0.0,0.0,0.04,0.0,0.0,0.0,0.0,0.0,0.0,0.0,0.0
8478009,2021,Ilya Sorokin,NYI,G,other,30,3216.0,5.69,5.0,78.0,3.14,1.0,8.45,9.0,43.53,42.0,0.91,3.0,23.83,21.0,16.55,21.0,5.39,35.0,18.0,6.0,1.36,2.33,2.0,3.0,2.0,0.0,19.0,0.0,0.0
8478009,2021,Ilya Sorokin,NYI,G,all,30,105977.0,75.55,74.0,1732.0,61.34,50.0,209.66,162.0,908.64,919.0,27.64,47.0,518.76,428.0,379.21,524.0,72.99,973.0,240.0,61.0,29.14,28.82,17.6,34.0,28.0,12.0,458.0,0.0,0.0
8478009,2021,Ilya Sorokin,NYI,G,5on5,30,89033.0,55.8,53.0,1438.0,47.91,40.0,176.35,132.0,737.92,749.0,22.22,36.0,425.74,349.0,311.29,436.0,54.49,824.0,175.0,42.0,24.18,20.99,10.63,28.0,18.0,7.0,397.0,0.0,0.0
8478009,2021,Ilya Sorokin,NYI,G,4on5,30,6360.0,11.38,10.0,177.0,8.86,7.0,21.23,19.0,99.25,97.0,0.6,1.0,60.17,54.0,31.94,44.0,10.5,89.0,38.0,10.0,2.87,4.31,4.2,2.0,4.0,4.0,40.0,0.0,0.0
8478009,2021,Ilya Sorokin,NYI,G,5on4,30,7368.0,2.16,4.0,35.0,1.16,1.0,3.13,2.0,24.57,28.0,3.83,7.0,7.83,3.0,18.02,23.0,2.13,25.0,5.0,3.0,0.73,0.65,0.77,1.0,2.0,1.0,2.0,0.0,0.0
8479193,2021,Casey DeSmith,PIT,G,other,12,1215.0,1.91,2.0,29.0,1.12,0.0,3.04,3.0,14.7,14.0,0.43,0.0,7.93,9.0,5.53,6.0,1.88,11.0,7.0,2.0,0.52,0.8,0.59,1.0,0.0,1.0,9.0,0.0,0.0
8479193,2021,Casey DeSmith,PIT,G,all,12,39282.0,27.64,34.0,584.0,22.07,26.0,74.1,80.0,322.29,330.0,13.05,12.0,176.71,119.0,134.56,174.0,27.04,335.0,85.0,26.0,9.24,10.16,8.24,10.0,12.0,12.0,138.0,0.0,0.0
8479193,2021,Casey DeSmith,PIT,G,5on5,12,32959.0,21.12,26.0,481.0,17.19,23.0,61.96,65.0,260.48,268.0,10.56,9.0,142.52,92.0,109.31,143.0,20.67,274.0,68.0,19.0,7.73,8.16,5.23,7.0,11.0,8.0,120.0,0.0,0.0
8479193,2021,Casey DeSmith,PIT,G,4on5,12,2605.0,3.41,5.0,59.0,3.19,2.0,7.58,10.0,35.05,37.0,0.27,3.0,22.89,14.0,11.72,18.0,3.35,43.0,3.0,4.0,0.89,0.34,2.18,2.0,0.0,3.0,9.0,0.0,0.0
8479193,2021,Casey DeSmith,PIT,G,5on4,12,2503.0,1.08,1.0,14.0,0.51,1.0,1.42,1.0,11.18,10.0,1.8,0.0,3.14,4.0,7.53,7.0,1.01,7.0,6.0,1.0,0.1,0.74,0.24,0.0,1.0,0.0,0.0,0.0,0.0
8475789,2021,Jack Campbell,TOR,G,other,34,2981.0,7.08,2.0,86.0,3.95,4.0,8.77,15.0,48.22,56.0,1.23,0.0,29.1,25.0,16.51,20.0,5.84,37.0,23.0,7.0,1.63,2.85,2.6,1.0,1.0,0.0,19.0,0.0,0.0
8475789,2021,Jack Campbell,TOR,G,all,34,116667.0,85.81,77.0,1729.0,66.73,61.0,220.24,267.0,967.57,981.0,35.93,34.0,536.32,402.0,399.38,501.0,82.05,987.0,280.0,73.0,29.76,33.72,22.35,24.0,37.0,16.0,389.0,0.0,0.0
8475789,2021,Jack Campbell,TOR,G,5on5,34,97517.0,64.63,61.0,1432.0,52.08,45.0,185.23,223.0,791.82,791.0,28.3,25.0,437.73,333.0,331.5,407.0,62.5,830.0,217.0,50.0,24.67,26.05,13.9,19.0,31.0,11.0,335.0,0.0,0.0
8475789,2021,Jack Campbell,TOR,G,4on5,34,8255.0,11.26,12.0,167.0,8.98,11.0,21.78,23.0,98.14,100.0,0.94,1.0,59.06,38.0,31.75,49.0,10.93,93.0,30.0,13.0,2.42,3.73,5.11,3.0,4.0,5.0,31.0,0.0,0.0
8475789,2021,Jack Campbell,TOR,G,5on4,34,7914.0,2.0,0.0,32.0,1.17,1.0,3.14,3.0,21.56,25.0,5.18,8.0,7.13,5.0,15.88,21.0,1.96,21.0,6.0,3.0,0.65,0.62,0.74,0.0,0.0,0.0,2.0,0.0,0.0
8467950,2021,Craig Anderson,BUF,G,other,9,1286.0,2.56,2.0,36.0,1.57,2.0,4.2,1.0,20.83,19.0,0.42,1.0,13.77,17.0,6.17,7.0,2.25,20.0,6.0,3.0,0.88,0.62,1.06,1.0,0.0,1.0,7.0,0.0,0.0
8467950,2021,Craig Anderson,BUF,G,all,9,32415.0,24.21,24.0,487.0,19.2,23.0,61.14,50.0,269.58,285.0,8.82,8.0,157.11,131.0,108.45,142.0,23.23,285.0,73.0,21.0,8.06,9.26,6.89,10.0,10.0,4.0,108.0,0.0,0.0
8467950,2021,Craig Anderson,BUF,G,5on5,9,26767.0,17.33,18.0,376.0,13.77,17.0,48.53,43.0,206.54,222.0,7.22,7.0,117.17,90.0,85.5,114.0,16.81,219.0,58.0,12.0,6.17,7.39,3.78,7.0,10.0,1.0,87.0,0.0,0.0
8467950,2021,Craig Anderson,BUF,G,4on5,9,2141.0,3.62,3.0,65.0,3.49,3.0,7.55,6.0,36.18,37.0,0.12,0.0,23.93,24.0,12.19,15.0,3.52,40.0,7.0,5.0,0.89,0.93,1.8,2.0,0.0,1.0,13.0,0.0,0.0
8467950,2021,Craig Anderson,BUF,G,5on4,9,2221.0,0.69,1.0,10.0,0.37,1.0,0.86,0.0,6.03,7.0,1.05,0.0,2.25,0.0,4.59,6.0,0.65,6.0,2.0,1.0,0.11,0.33,0.25,0.0,0.0,1.0,1.0,0.0,0.0
8480022,2021,Michael Dipietro,VAN,G,other,1,134.0,0.0,0.0,0.0,0.0,0.0,0.0,0.0,0.0,0.0,0.18,0.0,0.0,0.0,0.0,0.0,0.0,0.0,0.0,0.0,0.0,0.0,0.0,0.0,0.0,0.0,0.0,0.0,0.0
8480022,2021,Michael Dipietro,VAN,G,all,1,3441.0,2.48,3.0,31.0,1.28,2.0,3.8,1.0,16.96,17.0,1.26,0.0,8.65,5.0,6.23,11.0,2.4,13.0,7.0,3.0,0.36,0.93,1.19,1.0,1.0,1.0,8.0,0.0,0.0
8480022,2021,Michael Dipietro,VAN,G,5on5,1,2768.0,1.83,2.0,25.0,1.21,2.0,3.54,1.0,15.46,16.0,1.0,0.0,8.02,4.0,5.89,11.0,1.75,12.0,7.0,2.0,0.35,0.93,0.55,1.0,1.0,0.0,4.0,0.0,0.0
8480022,2021,Michael Dipietro,VAN,G,4on5,1,299.0,0.65,1.0,6.0,0.07,0.0,0.26,0.0,1.5,1.0,0.0,0.0,0.63,1.0,0.34,0.0,0.65,1.0,0.0,1.0,0.01,0.0,0.64,0.0,0.0,1.0,4.0,0.0,0.0
8480022,2021,Michael Dipietro,VAN,G,5on4,1,240.0,0.0,0.0,0.0,0.0,0.0,0.0,0.0,0.0,0.0,0.08,0.0,0.0,0.0,0.0,0.0,0.0,0.0,0.0,0.0,0.0,0.0,0.0,0.0,0.0,0.0,0.0,0.0,0.0
8481031,2021,Ivan Prosvetov,ARI,G,other,2,248.0,0.86,0.0,11.0,0.51,0.0,1.43,1.0,6.77,7.0,0.09,0.0,3.67,5.0,2.29,3.0,0.82,6.0,1.0,2.0,0.27,0.14,0.45,0.0,0.0,0.0,2.0,0.0,0.0
8481031,2021,Ivan Prosvetov,ARI,G,all,2,7500.0,6.73,8.0,132.0,5.15,7.0,16.68,23.0,71.48,75.0,1.59,3.0,41.12,31.0,27.89,31.0,6.49,73.0,19.0,8.0,2.37,2.07,2.3,4.0,2.0,2.0,32.0,0.0,0.0
8481031,2021,Ivan Prosvetov,ARI,G,5on5,2,5882.0,4.68,7.0,94.0,3.4,6.0,12.43,17.0,51.59,54.0,1.27,3.0,28.29,17.0,20.52,24.0,4.51,52.0,13.0,6.0,1.42,1.41,1.84,3.0,2.0,2.0,23.0,0.0,0.0
8481031,2021,Ivan Prosvetov,ARI,G,4on5,2,937.0,1.19,1.0,27.0,1.23,1.0,2.82,5.0,13.11,14.0,0.14,0.0,9.17,9.0,5.08,4.0,1.16,15.0,5.0,0.0,0.67,0.52,0.0,1.0,0.0,0.0,7.0,0.0,0.0
8481031,2021,Ivan Prosvetov,ARI,G,5on4,2,433.0,0.0,0.0,0.0,0.0,0.0,0.0,0.0,0.0,0.0,0.1,0.0,0.0,0.0,0.0,0.0,0.0,0.0,0.0,0.0,0.0,0.0,0.0,0.0,0.0,0.0,0.0,0.0,0.0
8477361,2021,Cal Petersen,LAK,G,other,19,1841.0,2.76,2.0,43.0,1.85,0.0,5.03,7.0,25.47,25.0,0.57,0.0,14.51,16.0,9.09,8.0,2.72,20.0,11.0,3.0,0.72,1.21,0.83,1.0,1.0,0.0,9.0,0.0,0.0
8477361,2021,Cal Petersen,LAK,G,all,19,68129.0,52.68,51.0,965.0,37.08,39.0,115.42,122.0,514.18,508.0,20.85,16.0,281.48,213.0,202.47,260.0,49.73,488.0,169.0,49.0,15.54,19.97,17.17,16.0,24.0,11.0,259.0,0.0,0.0
8477361,2021,Cal Petersen,LAK,G,5on5,19,55408.0,36.84,31.0,747.0,27.18,30.0,91.92,99.0,391.16,388.0,16.77,15.0,215.04,155.0,156.92,209.0,35.16,384.0,126.0,31.0,12.88,14.88,9.08,11.0,13.0,7.0,206.0,0.0,0.0
8477361,2021,Cal Petersen,LAK,G,4on5,19,5196.0,11.57,14.0,150.0,7.08,9.0,15.99,15.0,79.09,74.0,0.56,0.0,46.01,36.0,23.82,31.0,10.4,67.0,26.0,14.0,1.56,3.0,7.01,1.0,9.0,4.0,43.0,0.0,0.0
8477361,2021,Cal Petersen,LAK,G,5on4,19,5684.0,1.42,3.0,23.0,0.91,0.0,2.19,1.0,17.03,19.0,2.93,1.0,5.23,6.0,11.82,11.0,1.37,15.0,6.0,1.0,0.3,0.87,0.25,2.0,1.0,0.0,1.0,0.0,0.0
8479973,2021,Stuart Skinner,EDM,G,other,13,1138.0,1.14,0.0,29.0,1.08,2.0,3.76,1.0,15.4,17.0,0.55,0.0,7.92,10.0,6.44,6.0,1.1,17.0,3.0,1.0,0.49,0.44,0.21,0.0,0.0,0.0,8.0,0.0,0.0
8479973,2021,Stuart Skinner,EDM,G,all,13,44049.0,32.85,32.0,618.0,24.04,32.0,80.05,67.0,345.69,367.0,13.16,13.0,190.23,139.0,137.58,196.0,31.64,338.0,102.0,36.0,10.0,12.49,10.35,11.0,7.0,14.0,142.0,0.0,0.0
8479973,2021,Stuart Skinner,EDM,G,5on5,13,35921.0,24.51,25.0,495.0,18.41,25.0,66.2,55.0,279.6,298.0,10.67,11.0,153.2,107.0,113.79,166.0,23.66,280.0,82.0,23.0,8.22,9.92,6.37,10.0,5.0,10.0,110.0,0.0,0.0
8479973,2021,Stuart Skinner,EDM,G,4on5,13,3907.0,5.97,6.0,84.0,4.13,4.0,9.39,10.0,44.35,45.0,0.35,0.0,27.3,20.0,13.66,21.0,5.68,39.0,14.0,9.0,1.22,1.72,3.03,1.0,1.0,4.0,22.0,0.0,0.0
8479973,2021,Stuart Skinner,EDM,G,5on4,13,3083.0,1.22,1.0,10.0,0.41,1.0,0.71,1.0,6.34,7.0,1.59,2.0,1.81,2.0,3.68,3.0,1.19,2.0,3.0,3.0,0.07,0.4,0.75,0.0,1.0,0.0,2.0,0.0,0.0
8471306,2021,Thomas Greiss,DET,G,other,17,1714.0,5.2,0.0,51.0,2.1,6.0,4.83,7.0,25.28,27.0,0.54,0.0,13.54,16.0,6.67,5.0,3.92,19.0,8.0,8.0,0.93,1.18,3.09,0.0,0.0,0.0,16.0,0.0,0.0
8471306,2021,Thomas Greiss,DET,G,all,17,52906.0,44.54,48.0,848.0,33.97,31.0,106.8,95.0,472.24,470.0,12.07,9.0,264.8,215.0,188.0,256.0,42.17,473.0,143.0,39.0,14.05,17.64,12.85,20.0,15.0,13.0,193.0,0.0,0.0
8471306,2021,Thomas Greiss,DET,G,5on5,17,43357.0,31.63,34.0,678.0,25.68,20.0,89.16,73.0,379.15,371.0,9.92,7.0,213.3,176.0,156.11,218.0,30.84,391.0,116.0,21.0,11.67,14.06,5.89,16.0,11.0,7.0,150.0,0.0,0.0
8471306,2021,Thomas Greiss,DET,G,4on5,17,4250.0,6.39,12.0,103.0,5.55,4.0,11.19,14.0,55.22,59.0,0.35,0.0,34.35,23.0,16.76,21.0,6.14,53.0,15.0,8.0,1.18,1.86,3.36,3.0,4.0,5.0,27.0,0.0,0.0
8471306,2021,Thomas Greiss,DET,G,5on4,17,3585.0,1.32,2.0,16.0,0.64,1.0,1.63,1.0,12.59,13.0,1.26,2.0,3.61,0.0,8.45,12.0,1.26,10.0,4.0,2.0,0.27,0.54,0.52,1.0,0.0,1.0,0.0,0.0,0.0
8478916,2021,Joey Daccord,SEA,G,other,4,386.0,0.15,0.0,5.0,0.15,0.0,0.29,1.0,2.2,3.0,0.12,0.0,1.14,1.0,1.2,0.0,0.15,3.0,0.0,0.0,0.15,0.0,0.0,0.0,0.0,0.0,2.0,0.0,0.0
8478916,2021,Joey Daccord,SEA,G,all,4,13993.0,13.03,16.0,194.0,7.85,7.0,23.7,34.0,110.46,113.0,3.65,4.0,58.1,46.0,43.69,42.0,12.7,91.0,43.0,16.0,2.78,5.24,5.01,4.0,7.0,5.0,44.0,0.0,0.0
8478916,2021,Joey Daccord,SEA,G,5on5,4,11351.0,9.66,13.0,150.0,6.06,6.0,19.52,25.0,87.27,87.0,2.87,3.0,45.02,31.0,33.88,39.0,9.46,71.0,32.0,14.0,2.09,3.81,3.76,4.0,5.0,4.0,33.0,0.0,0.0
8478916,2021,Joey Daccord,SEA,G,4on5,4,964.0,2.76,2.0,32.0,1.45,1.0,3.33,5.0,16.36,18.0,0.04,0.0,10.6,14.0,5.27,2.0,2.64,14.0,8.0,2.0,0.48,1.02,1.25,0.0,1.0,1.0,8.0,0.0,0.0
8478916,2021,Joey Daccord,SEA,G,5on4,4,1292.0,0.46,1.0,7.0,0.19,0.0,0.56,3.0,4.63,5.0,0.62,1.0,1.34,0.0,3.34,1.0,0.45,3.0,3.0,0.0,0.06,0.4,0.0,0.0,1.0,0.0,1.0,0.0,0.0
8476316,2021,Laurent Brossoit,VGK,G,other,17,1168.0,4.1,4.0,50.0,2.19,3.0,6.2,4.0,30.36,29.0,0.42,0.0,15.85,12.0,11.62,17.0,3.84,25.0,11.0,5.0,1.0,1.4,1.69,1.0,2.0,1.0,9.0,0.0,0.0
8476316,2021,Laurent Brossoit,VGK,G,all,17,53539.0,44.06,39.0,831.0,30.38,32.0,95.78,78.0,432.01,413.0,15.35,21.0,236.95,191.0,173.88,238.0,42.67,410.0,143.0,42.0,11.75,17.84,14.46,12.0,15.0,12.0,236.0,0.0,0.0
8476316,2021,Laurent Brossoit,VGK,G,5on5,17,44267.0,30.37,23.0,651.0,22.52,22.0,76.72,66.0,333.13,317.0,12.65,19.0,182.48,145.0,136.24,188.0,29.57,321.0,113.0,25.0,9.23,14.25,6.89,9.0,11.0,3.0,192.0,0.0,0.0
8476316,2021,Laurent Brossoit,VGK,G,4on5,17,3897.0,8.38,10.0,112.0,5.04,7.0,11.26,7.0,56.74,55.0,0.37,0.0,34.61,31.0,17.82,23.0,8.07,53.0,16.0,10.0,1.26,1.86,5.27,2.0,2.0,6.0,33.0,0.0,0.0
8476316,2021,Laurent Brossoit,VGK,G,5on4,17,4207.0,1.18,2.0,16.0,0.57,0.0,1.44,1.0,11.11,12.0,1.9,2.0,3.59,2.0,7.88,10.0,1.18,10.0,3.0,2.0,0.24,0.33,0.61,0.0,0.0,2.0,1.0,0.0,0.0
8482821,2021,Arvid Soderblom,CHI,G,other,2,89.0,0.32,0.0,5.0,0.27,0.0,0.4,1.0,2.15,2.0,0.0,0.0,1.63,2.0,0.3,0.0,0.31,1.0,2.0,0.0,0.08,0.25,0.0,0.0,0.0,0.0,2.0,0.0,0.0
8482821,2021,Arvid Soderblom,CHI,G,all,2,5951.0,4.58,7.0,108.0,4.44,3.0,13.73,12.0,57.98,59.0,1.64,4.0,33.09,24.0,23.14,32.0,4.5,64.0,15.0,2.0,2.0,1.84,0.73,4.0,1.0,2.0,27.0,0.0,0.0
8482821,2021,Arvid Soderblom,CHI,G,5on5,2,5085.0,3.21,4.0,81.0,3.04,2.0,10.02,9.0,41.06,39.0,1.25,1.0,23.45,16.0,16.77,25.0,3.16,46.0,11.0,1.0,1.57,1.4,0.24,2.0,1.0,1.0,23.0,0.0,0.0
8482821,2021,Arvid Soderblom,CHI,G,4on5,2,320.0,0.8,2.0,19.0,1.0,1.0,3.01,2.0,12.55,16.0,0.02,0.0,7.33,5.0,4.48,6.0,0.79,15.0,1.0,1.0,0.22,0.09,0.49,1.0,0.0,1.0,2.0,0.0,0.0
8482821,2021,Arvid Soderblom,CHI,G,5on4,2,457.0,0.24,1.0,3.0,0.12,0.0,0.3,0.0,2.22,2.0,0.36,3.0,0.69,1.0,1.59,1.0,0.24,2.0,1.0,0.0,0.13,0.12,0.0,1.0,0.0,0.0,0.0,0.0,0.0
8478007,2021,Elvis Merzlikins,CBJ,G,other,31,2107.0,3.6,5.0,55.0,2.21,1.0,5.66,5.0,29.09,31.0,0.67,0.0,18.53,14.0,10.02,13.0,3.38,24.0,14.0,3.0,0.77,1.51,1.32,1.0,2.0,2.0,14.0,0.0,0.0
8478007,2021,Elvis Merzlikins,CBJ,G,all,31,100532.0,90.65,95.0,1701.0,67.66,62.0,215.35,238.0,960.65,989.0,27.33,28.0,543.05,400.0,389.56,511.0,87.66,983.0,275.0,80.0,30.16,33.72,26.78,34.0,45.0,16.0,363.0,4.0,2.0
8478007,2021,Elvis Merzlikins,CBJ,G,5on5,31,84252.0,68.23,75.0,1409.0,54.07,49.0,182.63,208.0,796.19,820.0,22.64,28.0,449.6,327.0,330.35,428.0,66.42,834.0,227.0,50.0,26.1,27.86,14.27,30.0,36.0,9.0,298.0,4.0,2.0
8478007,2021,Elvis Merzlikins,CBJ,G,4on5,31,7122.0,15.62,12.0,200.0,10.17,10.0,23.59,24.0,112.14,112.0,0.7,0.0,67.73,58.0,34.96,47.0,14.85,106.0,29.0,21.0,2.6,3.71,9.32,3.0,5.0,4.0,44.0,0.0,0.0
8478007,2021,Elvis Merzlikins,CBJ,G,5on4,31,7051.0,2.97,3.0,32.0,1.05,2.0,2.92,1.0,20.33,23.0,3.17,0.0,5.83,1.0,12.64,19.0,2.77,16.0,4.0,6.0,0.56,0.54,1.87,0.0,2.0,1.0,6.0,0.0,0.0
8481033,2021,Akira Schmid,NJD,G,other,6,307.0,0.21,0.0,6.0,0.18,0.0,0.75,2.0,2.96,2.0,0.07,0.0,1.59,1.0,1.16,1.0,0.21,3.0,1.0,0.0,0.1,0.11,0.0,0.0,0.0,0.0,2.0,0.0,0.0
8481033,2021,Akira Schmid,NJD,G,all,6,14159.0,9.72,19.0,205.0,7.21,9.0,25.58,33.0,107.91,114.0,4.01,5.0,60.32,45.0,44.48,42.0,9.48,112.0,31.0,8.0,3.53,4.01,2.18,6.0,13.0,0.0,54.0,0.0,0.0
8481033,2021,Akira Schmid,NJD,G,5on5,6,12153.0,7.82,16.0,180.0,6.24,9.0,23.12,30.0,94.92,102.0,3.5,5.0,54.01,40.0,39.62,37.0,7.68,105.0,23.0,6.0,3.34,2.93,1.55,6.0,10.0,0.0,46.0,0.0,0.0
8481033,2021,Akira Schmid,NJD,G,4on5,6,676.0,0.71,1.0,11.0,0.46,0.0,1.1,1.0,5.74,5.0,0.1,0.0,3.73,2.0,1.83,3.0,0.71,3.0,5.0,0.0,0.07,0.64,0.0,0.0,1.0,0.0,3.0,0.0,0.0
8481033,2021,Akira Schmid,NJD,G,5on4,6,1023.0,0.98,2.0,8.0,0.33,0.0,0.61,0.0,4.29,5.0,0.33,0.0,1.0,2.0,1.87,1.0,0.88,1.0,2.0,2.0,0.03,0.32,0.63,0.0,2.0,0.0,3.0,0.0,0.0
8477480,2021,Eric Comrie,WPG,G,other,8,680.0,0.84,0.0,16.0,0.58,0.0,1.73,2.0,8.5,8.0,0.61,2.0,5.08,6.0,3.5,4.0,0.82,8.0,4.0,0.0,0.4,0.44,0.0,0.0,0.0,0.0,4.0,0.0,0.0
8477480,2021,Eric Comrie,WPG,G,all,8,27749.0,21.24,18.0,378.0,14.96,19.0,48.95,47.0,215.78,226.0,7.71,5.0,117.47,88.0,86.38,120.0,20.45,210.0,63.0,23.0,6.78,7.73,6.73,5.0,9.0,4.0,82.0,0.0,0.0
8477480,2021,Eric Comrie,WPG,G,5on5,8,23661.0,16.4,13.0,307.0,11.7,17.0,41.09,41.0,173.61,182.0,6.16,3.0,92.61,66.0,69.53,98.0,15.79,167.0,52.0,18.0,5.06,6.5,4.84,4.0,7.0,2.0,70.0,0.0,0.0
8477480,2021,Eric Comrie,WPG,G,4on5,8,1918.0,3.13,4.0,48.0,2.39,1.0,5.49,4.0,28.43,31.0,0.13,0.0,18.29,16.0,9.82,14.0,3.02,31.0,7.0,2.0,1.2,0.79,1.14,1.0,2.0,1.0,8.0,0.0,0.0
8477480,2021,Eric Comrie,WPG,G,5on4,8,1490.0,0.87,1.0,7.0,0.28,1.0,0.64,0.0,5.24,5.0,0.81,0.0,1.49,0.0,3.53,4.0,0.81,4.0,0.0,3.0,0.12,0.0,0.75,0.0,0.0,1.0,0.0,0.0,0.0
8479581,2021,Jack LaFontaine,CAR,G,other,2,6.0,0.0,0.0,0.0,0.0,0.0,0.0,0.0,0.0,0.0,0.0,0.0,0.0,0.0,0.0,0.0,0.0,0.0,0.0,0.0,0.0,0.0,0.0,0.0,0.0,0.0,0.0,0.0,0.0
8479581,2021,Jack LaFontaine,CAR,G,all,2,4497.0,3.4,9.0,66.0,2.57,3.0,8.89,8.0,37.42,41.0,1.33,0.0,20.54,8.0,15.31,23.0,3.29,36.0,15.0,1.0,1.15,1.91,0.34,2.0,6.0,1.0,14.0,0.0,0.0
8479581,2021,Jack LaFontaine,CAR,G,5on5,2,4066.0,3.33,8.0,64.0,2.49,3.0,8.65,8.0,35.95,39.0,1.25,0.0,19.82,8.0,14.47,22.0,3.22,34.0,15.0,1.0,1.07,1.91,0.34,1.0,6.0,1.0,14.0,0.0,0.0
8479581,2021,Jack LaFontaine,CAR,G,4on5,2,185.0,0.05,1.0,1.0,0.05,0.0,0.14,0.0,0.68,1.0,0.01,0.0,0.47,0.0,0.26,0.0,0.05,1.0,0.0,0.0,0.05,0.0,0.0,1.0,0.0,0.0,0.0,0.0,0.0
8479581,2021,Jack LaFontaine,CAR,G,5on4,2,240.0,0.02,0.0,1.0,0.03,0.0,0.09,0.0,0.79,1.0,0.07,0.0,0.25,0.0,0.59,1.0,0.02,1.0,0.0,0.0,0.02,0.0,0.0,0.0,0.0,0.0,0.0,0.0,0.0
8477465,2021,Tristan Jarry,PIT,G,other,39,3892.0,8.4,9.0,111.0,4.99,4.0,11.96,11.0,65.47,65.0,1.38,2.0,36.63,31.0,23.05,28.0,8.05,49.0,30.0,8.0,1.99,3.72,2.69,3.0,3.0,3.0,24.0,0.0,0.0
8477465,2021,Tristan Jarry,PIT,G,all,39,139062.0,100.58,85.0,2041.0,74.71,91.0,253.55,254.0,1106.34,1133.0,38.68,46.0,605.18,470.0,451.83,580.0,96.55,1116.0,306.0,100.0,32.15,37.27,31.16,31.0,34.0,20.0,519.0,6.0,2.0
8477465,2021,Tristan Jarry,PIT,G,5on5,39,116203.0,71.71,62.0,1627.0,56.52,74.0,209.19,212.0,876.51,910.0,30.93,32.0,478.65,358.0,361.11,469.0,69.65,913.0,227.0,66.0,26.2,27.34,18.17,27.0,25.0,10.0,421.0,6.0,2.0
8477465,2021,Tristan Jarry,PIT,G,4on5,39,8737.0,14.53,9.0,236.0,10.65,13.0,26.15,22.0,119.17,110.0,0.63,3.0,74.62,71.0,39.9,48.0,12.93,121.0,31.0,18.0,2.85,3.7,7.97,0.0,3.0,6.0,66.0,0.0,0.0
8477465,2021,Tristan Jarry,PIT,G,5on4,39,10230.0,3.74,3.0,47.0,1.64,0.0,3.89,5.0,31.63,34.0,5.44,8.0,9.8,8.0,22.08,26.0,3.72,25.0,13.0,4.0,0.86,1.81,1.07,1.0,1.0,1.0,5.0,0.0,0.0
